"frequency";"r ngspice/ac.s_2_2_db";"i ngspice/ac.s_2_2_db"
1e+06;-0.0125836;0
1.09995e+07;-0.0125841;0
2.0999e+07;-0.0125855;0
3.09985e+07;-0.0125877;0
4.0998e+07;-0.0125907;0
5.09975e+07;-0.0125946;0
6.0997e+07;-0.0125994;0
7.09965e+07;-0.012605;0
8.0996e+07;-0.0126115;0
9.09955e+07;-0.0126188;0
1.00995e+08;-0.012627;0
1.10995e+08;-0.012636;0
1.20994e+08;-0.0126459;0
1.30994e+08;-0.0126567;0
1.40993e+08;-0.0126683;0
1.50993e+08;-0.0126808;0
1.60992e+08;-0.0126942;0
1.70992e+08;-0.0127085;0
1.80991e+08;-0.0127236;0
1.90991e+08;-0.0127396;0
2.0099e+08;-0.0127566;0
2.1099e+08;-0.0127744;0
2.20989e+08;-0.0127932;0
2.30989e+08;-0.0128128;0
2.40988e+08;-0.0128334;0
2.50988e+08;-0.0128549;0
2.60987e+08;-0.0128773;0
2.70987e+08;-0.0129006;0
2.80986e+08;-0.0129249;0
2.90986e+08;-0.0129502;0
3.00985e+08;-0.0129764;0
3.10985e+08;-0.0130036;0
3.20984e+08;-0.0130318;0
3.30984e+08;-0.0130609;0
3.40983e+08;-0.013091;0
3.50983e+08;-0.0131222;0
3.60982e+08;-0.0131543;0
3.70982e+08;-0.0131875;0
3.80981e+08;-0.0132217;0
3.90981e+08;-0.013257;0
4.0098e+08;-0.0132933;0
4.1098e+08;-0.0133307;0
4.20979e+08;-0.0133692;0
4.30979e+08;-0.0134087;0
4.40978e+08;-0.0134494;0
4.50978e+08;-0.0134912;0
4.60977e+08;-0.0135341;0
4.70977e+08;-0.0135782;0
4.80976e+08;-0.0136234;0
4.90976e+08;-0.0136699;0
5.00975e+08;-0.0137175;0
5.10975e+08;-0.0137663;0
5.20974e+08;-0.0138164;0
5.30974e+08;-0.0138677;0
5.40973e+08;-0.0139203;0
5.50973e+08;-0.0139741;0
5.60972e+08;-0.0140293;0
5.70972e+08;-0.0140858;0
5.80971e+08;-0.0141436;0
5.90971e+08;-0.0142028;0
6.0097e+08;-0.0142634;0
6.1097e+08;-0.0143254;0
6.20969e+08;-0.0143888;0
6.30969e+08;-0.0144536;0
6.40968e+08;-0.01452;0
6.50968e+08;-0.0145879;0
6.60967e+08;-0.0146573;0
6.70967e+08;-0.0147282;0
6.80966e+08;-0.0148007;0
6.90966e+08;-0.0148749;0
7.00965e+08;-0.0149507;0
7.10965e+08;-0.0150282;0
7.20964e+08;-0.0151073;0
7.30964e+08;-0.0151883;0
7.40963e+08;-0.0152709;0
7.50963e+08;-0.0153554;0
7.60962e+08;-0.0154418;0
7.70962e+08;-0.01553;0
7.80961e+08;-0.0156201;0
7.90961e+08;-0.0157122;0
8.0096e+08;-0.0158062;0
8.1096e+08;-0.0159023;0
8.20959e+08;-0.0160005;0
8.30959e+08;-0.0161008;0
8.40958e+08;-0.0162033;0
8.50958e+08;-0.016308;0
8.60957e+08;-0.0164149;0
8.70957e+08;-0.0165242;0
8.80956e+08;-0.0166358;0
8.90956e+08;-0.0167498;0
9.00955e+08;-0.0168663;0
9.10955e+08;-0.0169853;0
9.20954e+08;-0.0171069;0
9.30954e+08;-0.0172312;0
9.40953e+08;-0.0173581;0
9.50953e+08;-0.0174879;0
9.60952e+08;-0.0176204;0
9.70952e+08;-0.0177559;0
9.80951e+08;-0.0178944;0
9.90951e+08;-0.0180359;0
1.00095e+09;-0.0181805;0
1.01095e+09;-0.0183284;0
1.02095e+09;-0.0184795;0
1.03095e+09;-0.018634;0
1.04095e+09;-0.0187919;0
1.05095e+09;-0.0189534;0
1.06095e+09;-0.0191186;0
1.07095e+09;-0.0192875;0
1.08095e+09;-0.0194602;0
1.09095e+09;-0.0196369;0
1.10095e+09;-0.0198176;0
1.11094e+09;-0.0200025;0
1.12094e+09;-0.0201916;0
1.13094e+09;-0.0203852;0
1.14094e+09;-0.0205833;0
1.15094e+09;-0.020786;0
1.16094e+09;-0.0209935;0
1.17094e+09;-0.021206;0
1.18094e+09;-0.0214235;0
1.19094e+09;-0.0216462;0
1.20094e+09;-0.0218743;0
1.21094e+09;-0.0221079;0
1.22094e+09;-0.0223473;0
1.23094e+09;-0.0225925;0
1.24094e+09;-0.0228438;0
1.25094e+09;-0.0231014;0
1.26094e+09;-0.0233654;0
1.27094e+09;-0.023636;0
1.28094e+09;-0.0239135;0
1.29094e+09;-0.0241982;0
1.30094e+09;-0.0244901;0
1.31093e+09;-0.0247896;0
1.32093e+09;-0.0250969;0
1.33093e+09;-0.0254124;0
1.34093e+09;-0.0257361;0
1.35093e+09;-0.0260685;0
1.36093e+09;-0.0264099;0
1.37093e+09;-0.0267605;0
1.38093e+09;-0.0271207;0
1.39093e+09;-0.0274909;0
1.40093e+09;-0.0278713;0
1.41093e+09;-0.0282624;0
1.42093e+09;-0.0286645;0
1.43093e+09;-0.0290781;0
1.44093e+09;-0.0295036;0
1.45093e+09;-0.0299414;0
1.46093e+09;-0.0303921;0
1.47093e+09;-0.030856;0
1.48093e+09;-0.0313338;0
1.49093e+09;-0.031826;0
1.50093e+09;-0.0323331;0
1.51092e+09;-0.0328558;0
1.52092e+09;-0.0333947;0
1.53092e+09;-0.0339504;0
1.54092e+09;-0.0345237;0
1.55092e+09;-0.0351153;0
1.56092e+09;-0.035726;0
1.57092e+09;-0.0363566;0
1.58092e+09;-0.037008;0
1.59092e+09;-0.0376811;0
1.60092e+09;-0.0383768;0
1.61092e+09;-0.0390961;0
1.62092e+09;-0.0398403;0
1.63092e+09;-0.0406104;0
1.64092e+09;-0.0414075;0
1.65092e+09;-0.0422331;0
1.66092e+09;-0.0430884;0
1.67092e+09;-0.0439749;0
1.68092e+09;-0.0448941;0
1.69092e+09;-0.0458477;0
1.70092e+09;-0.0468374;0
1.71091e+09;-0.047865;0
1.72091e+09;-0.0489325;0
1.73091e+09;-0.050042;0
1.74091e+09;-0.0511956;0
1.75091e+09;-0.0523959;0
1.76091e+09;-0.0536452;0
1.77091e+09;-0.0549464;0
1.78091e+09;-0.0563023;0
1.79091e+09;-0.057716;0
1.80091e+09;-0.0591909;0
1.81091e+09;-0.0607305;0
1.82091e+09;-0.0623388;0
1.83091e+09;-0.0640196;0
1.84091e+09;-0.0657778;0
1.85091e+09;-0.0676177;0
1.86091e+09;-0.0695449;0
1.87091e+09;-0.0715646;0
1.88091e+09;-0.073683;0
1.89091e+09;-0.0759067;0
1.90091e+09;-0.0782426;0
1.9109e+09;-0.0806984;0
1.9209e+09;-0.0832823;0
1.9309e+09;-0.0860036;0
1.9409e+09;-0.088872;0
1.9509e+09;-0.0918981;0
1.9609e+09;-0.0950938;0
1.9709e+09;-0.0984718;0
1.9809e+09;-0.102046;0
1.9909e+09;-0.105832;0
2.0009e+09;-0.109847;0
2.0109e+09;-0.114109;0
2.0209e+09;-0.118638;0
2.0309e+09;-0.123458;0
2.0409e+09;-0.128593;0
2.0509e+09;-0.13407;0
2.0609e+09;-0.139921;0
2.0709e+09;-0.146179;0
2.0809e+09;-0.152883;0
2.0909e+09;-0.160075;0
2.1009e+09;-0.167801;0
2.11089e+09;-0.176115;0
2.12089e+09;-0.185076;0
2.13089e+09;-0.194751;0
2.14089e+09;-0.205215;0
2.15089e+09;-0.216553;0
2.16089e+09;-0.22886;0
2.17089e+09;-0.242245;0
2.18089e+09;-0.256831;0
2.19089e+09;-0.272757;0
2.20089e+09;-0.290182;0
2.21089e+09;-0.309286;0
2.22089e+09;-0.330277;0
2.23089e+09;-0.353386;0
2.24089e+09;-0.378882;0
2.25089e+09;-0.407067;0
2.26089e+09;-0.438284;0
2.27089e+09;-0.472922;0
2.28089e+09;-0.511412;0
2.29089e+09;-0.554237;0
2.30089e+09;-0.601918;0
2.31088e+09;-0.655021;0
2.32088e+09;-0.714119;0
2.33088e+09;-0.779772;0
2.34088e+09;-0.852478;0
2.35088e+09;-0.932569;0
2.36088e+09;-1.02011;0
2.37088e+09;-1.11473;0
2.38088e+09;-1.21536;0
2.39088e+09;-1.32005;0
2.40088e+09;-1.42567;0
2.41088e+09;-1.52776;0
2.42088e+09;-1.62061;0
2.43088e+09;-1.69767;0
2.44088e+09;-1.7524;0
2.45088e+09;-1.7794;0
2.46088e+09;-1.77568;0
2.47088e+09;-1.74133;0
2.48088e+09;-1.67956;0
2.49088e+09;-1.59592;0
2.50088e+09;-1.49714;0
2.51087e+09;-1.38987;0
2.52087e+09;-1.2799;0
2.53087e+09;-1.17167;0
2.54087e+09;-1.0683;0
2.55087e+09;-0.971669;0
2.56087e+09;-0.88274;0
2.57087e+09;-0.801802;0
2.58087e+09;-0.728696;0
2.59087e+09;-0.663001;0
2.60087e+09;-0.604148;0
2.61087e+09;-0.551514;0
2.62087e+09;-0.504468;0
2.63087e+09;-0.462406;0
2.64087e+09;-0.424768;0
2.65087e+09;-0.391045;0
2.66087e+09;-0.360783;0
2.67087e+09;-0.333575;0
2.68087e+09;-0.309066;0
2.69087e+09;-0.286942;0
2.70087e+09;-0.266928;0
2.71086e+09;-0.248784;0
2.72086e+09;-0.232302;0
2.73086e+09;-0.217296;0
2.74086e+09;-0.203605;0
2.75086e+09;-0.19109;0
2.76086e+09;-0.179626;0
2.77086e+09;-0.169104;0
2.78086e+09;-0.159428;0
2.79086e+09;-0.150515;0
2.80086e+09;-0.142289;0
2.81086e+09;-0.134685;0
2.82086e+09;-0.127644;0
2.83086e+09;-0.121113;0
2.84086e+09;-0.115047;0
2.85086e+09;-0.109403;0
2.86086e+09;-0.104145;0
2.87086e+09;-0.0992392;0
2.88086e+09;-0.0946559;0
2.89086e+09;-0.090369;0
2.90086e+09;-0.0863535;0
2.91085e+09;-0.0825878;0
2.92085e+09;-0.0790523;0
2.93085e+09;-0.075729;0
2.94085e+09;-0.0726016;0
2.95085e+09;-0.0696558;0
2.96085e+09;-0.066878;0
2.97085e+09;-0.064256;0
2.98085e+09;-0.0617787;0
2.99085e+09;-0.0594359;0
3.00085e+09;-0.0572182;0
3.01085e+09;-0.0551169;0
3.02085e+09;-0.0531247;0
3.03085e+09;-0.0512341;0
3.04085e+09;-0.0494384;0
3.05085e+09;-0.0477317;0
3.06085e+09;-0.0461081;0
3.07085e+09;-0.0445627;0
3.08085e+09;-0.0430903;0
3.09085e+09;-0.0416868;0
3.10085e+09;-0.0403481;0
3.11084e+09;-0.0390703;0
3.12084e+09;-0.0378497;0
3.13084e+09;-0.0366832;0
3.14084e+09;-0.0355674;0
3.15084e+09;-0.0344999;0
3.16084e+09;-0.0334779;0
3.17084e+09;-0.0324988;0
3.18084e+09;-0.0315604;0
3.19084e+09;-0.0306604;0
3.20084e+09;-0.0297969;0
3.21084e+09;-0.0289677;0
3.22084e+09;-0.0281715;0
3.23084e+09;-0.0274064;0
3.24084e+09;-0.0266709;0
3.25084e+09;-0.0259634;0
3.26084e+09;-0.0252827;0
3.27084e+09;-0.0246273;0
3.28084e+09;-0.0239961;0
3.29084e+09;-0.0233879;0
3.30084e+09;-0.0228018;0
3.31083e+09;-0.0222366;0
3.32083e+09;-0.0216914;0
3.33083e+09;-0.0211651;0
3.34083e+09;-0.0206573;0
3.35083e+09;-0.0201665;0
3.36083e+09;-0.0196927;0
3.37083e+09;-0.0192346;0
3.38083e+09;-0.0187919;0
3.39083e+09;-0.0183637;0
3.40083e+09;-0.0179495;0
3.41083e+09;-0.0175486;0
3.42083e+09;-0.0171605;0
3.43083e+09;-0.0167847;0
3.44083e+09;-0.0164207;0
3.45083e+09;-0.0160681;0
3.46083e+09;-0.0157262;0
3.47083e+09;-0.0153949;0
3.48083e+09;-0.0150735;0
3.49083e+09;-0.0147617;0
3.50083e+09;-0.0144591;0
3.51082e+09;-0.0141656;0
3.52082e+09;-0.0138807;0
3.53082e+09;-0.0136039;0
3.54082e+09;-0.0133351;0
3.55082e+09;-0.0130739;0
3.56082e+09;-0.01282;0
3.57082e+09;-0.0125733;0
3.58082e+09;-0.0123335;0
3.59082e+09;-0.0121002;0
3.60082e+09;-0.0118733;0
3.61082e+09;-0.0116526;0
3.62082e+09;-0.0114378;0
3.63082e+09;-0.0112286;0
3.64082e+09;-0.011025;0
3.65082e+09;-0.0108268;0
3.66082e+09;-0.0106337;0
3.67082e+09;-0.0104456;0
3.68082e+09;-0.0102624;0
3.69082e+09;-0.0100837;0
3.70082e+09;-0.00990959;0
3.71081e+09;-0.00973985;0
3.72081e+09;-0.00957434;0
3.73081e+09;-0.00941292;0
3.74081e+09;-0.00925545;0
3.75081e+09;-0.00910181;0
3.76081e+09;-0.00895189;0
3.77081e+09;-0.00880551;0
3.78081e+09;-0.00866267;0
3.79081e+09;-0.00852321;0
3.80081e+09;-0.00838697;0
3.81081e+09;-0.00825401;0
3.82081e+09;-0.00812409;0
3.83081e+09;-0.00799715;0
3.84081e+09;-0.00787307;0
3.85081e+09;-0.00775185;0
3.86081e+09;-0.00763336;0
3.87081e+09;-0.00751754;0
3.88081e+09;-0.00740428;0
3.89081e+09;-0.00729354;0
3.90081e+09;-0.00718522;0
3.9108e+09;-0.00707923;0
3.9208e+09;-0.00697558;0
3.9308e+09;-0.00687416;0
3.9408e+09;-0.00677487;0
3.9508e+09;-0.00667778;0
3.9608e+09;-0.0065827;0
3.9708e+09;-0.00648962;0
3.9808e+09;-0.00639845;0
3.9908e+09;-0.0063092;0
4.0008e+09;-0.00622176;0
4.0108e+09;-0.00613619;0
4.0208e+09;-0.00605233;0
4.0308e+09;-0.00597016;0
4.0408e+09;-0.00588965;0
4.0508e+09;-0.00581072;0
4.0608e+09;-0.0057334;0
4.0708e+09;-0.0056576;0
4.0808e+09;-0.0055833;0
4.0908e+09;-0.00551045;0
4.1008e+09;-0.00543902;0
4.11079e+09;-0.00536894;0
4.12079e+09;-0.00530021;0
4.13079e+09;-0.00523282;0
4.14079e+09;-0.00516674;0
4.15079e+09;-0.00510189;0
4.16079e+09;-0.00503826;0
4.17079e+09;-0.00497581;0
4.18079e+09;-0.0049145;0
4.19079e+09;-0.00485435;0
4.20079e+09;-0.00479531;0
4.21079e+09;-0.00473735;0
4.22079e+09;-0.00468045;0
4.23079e+09;-0.00462458;0
4.24079e+09;-0.00456971;0
4.25079e+09;-0.0045158;0
4.26079e+09;-0.00446288;0
4.27079e+09;-0.00441089;0
4.28079e+09;-0.00435983;0
4.29079e+09;-0.00430966;0
4.30079e+09;-0.00426036;0
4.31078e+09;-0.00421193;0
4.32078e+09;-0.00416428;0
4.33078e+09;-0.00411752;0
4.34078e+09;-0.00407155;0
4.35078e+09;-0.00402633;0
4.36078e+09;-0.00398192;0
4.37078e+09;-0.00393824;0
4.38078e+09;-0.00389529;0
4.39078e+09;-0.00385303;0
4.40078e+09;-0.00381148;0
4.41078e+09;-0.00377066;0
4.42078e+09;-0.00373049;0
4.43078e+09;-0.00369098;0
4.44078e+09;-0.00365211;0
4.45078e+09;-0.00361387;0
4.46078e+09;-0.00357623;0
4.47078e+09;-0.00353922;0
4.48078e+09;-0.00350277;0
4.49078e+09;-0.00346693;0
4.50078e+09;-0.00343167;0
4.51077e+09;-0.00339695;0
4.52077e+09;-0.00336278;0
4.53077e+09;-0.00332912;0
4.54077e+09;-0.003296;0
4.55077e+09;-0.0032634;0
4.56077e+09;-0.00323128;0
4.57077e+09;-0.00319969;0
4.58077e+09;-0.00316856;0
4.59077e+09;-0.00313791;0
4.60077e+09;-0.00310769;0
4.61077e+09;-0.00307797;0
4.62077e+09;-0.00304867;0
4.63077e+09;-0.00301984;0
4.64077e+09;-0.00299142;0
4.65077e+09;-0.00296342;0
4.66077e+09;-0.00293584;0
4.67077e+09;-0.00290864;0
4.68077e+09;-0.00288186;0
4.69077e+09;-0.00285547;0
4.70077e+09;-0.00282946;0
4.71076e+09;-0.00280382;0
4.72076e+09;-0.00277856;0
4.73076e+09;-0.00275365;0
4.74076e+09;-0.00272909;0
4.75076e+09;-0.00270489;0
4.76076e+09;-0.00268103;0
4.77076e+09;-0.0026575;0
4.78076e+09;-0.00263432;0
4.79076e+09;-0.00261145;0
4.80076e+09;-0.0025889;0
4.81076e+09;-0.00256665;0
4.82076e+09;-0.00254471;0
4.83076e+09;-0.00252308;0
4.84076e+09;-0.00250174;0
4.85076e+09;-0.0024807;0
4.86076e+09;-0.00245994;0
4.87076e+09;-0.00243948;0
4.88076e+09;-0.00241927;0
4.89076e+09;-0.00239934;0
4.90076e+09;-0.00237966;0
4.91075e+09;-0.00236026;0
4.92075e+09;-0.00234113;0
4.93075e+09;-0.00232224;0
4.94075e+09;-0.00230358;0
4.95075e+09;-0.00228519;0
4.96075e+09;-0.00226703;0
4.97075e+09;-0.00224911;0
4.98075e+09;-0.00223142;0
4.99075e+09;-0.00221395;0
5.00075e+09;-0.00219672;0
5.01075e+09;-0.00217969;0
5.02075e+09;-0.00216289;0
5.03075e+09;-0.0021463;0
5.04075e+09;-0.00212993;0
5.05075e+09;-0.00211376;0
5.06075e+09;-0.0020978;0
5.07075e+09;-0.00208203;0
5.08075e+09;-0.00206645;0
5.09075e+09;-0.00205108;0
5.10075e+09;-0.0020359;0
5.11074e+09;-0.0020209;0
5.12074e+09;-0.00200608;0
5.13074e+09;-0.00199146;0
5.14074e+09;-0.00197701;0
5.15074e+09;-0.00196272;0
5.16074e+09;-0.00194861;0
5.17074e+09;-0.00193468;0
5.18074e+09;-0.00192092;0
5.19074e+09;-0.00190731;0
5.20074e+09;-0.00189387;0
5.21074e+09;-0.0018806;0
5.22074e+09;-0.00186747;0
5.23074e+09;-0.0018545;0
5.24074e+09;-0.00184169;0
5.25074e+09;-0.00182902;0
5.26074e+09;-0.00181651;0
5.27074e+09;-0.00180414;0
5.28074e+09;-0.00179192;0
5.29074e+09;-0.00177982;0
5.30074e+09;-0.00176788;0
5.31073e+09;-0.00175607;0
5.32073e+09;-0.0017444;0
5.33073e+09;-0.00173287;0
5.34073e+09;-0.00172146;0
5.35073e+09;-0.00171018;0
5.36073e+09;-0.00169903;0
5.37073e+09;-0.001688;0
5.38073e+09;-0.00167709;0
5.39073e+09;-0.00166632;0
5.40073e+09;-0.00165566;0
5.41073e+09;-0.00164512;0
5.42073e+09;-0.0016347;0
5.43073e+09;-0.00162439;0
5.44073e+09;-0.00161419;0
5.45073e+09;-0.00160411;0
5.46073e+09;-0.00159414;0
5.47073e+09;-0.00158427;0
5.48073e+09;-0.0015745;0
5.49073e+09;-0.00156486;0
5.50073e+09;-0.00155531;0
5.51072e+09;-0.00154587;0
5.52072e+09;-0.00153652;0
5.53072e+09;-0.00152727;0
5.54072e+09;-0.00151813;0
5.55072e+09;-0.00150908;0
5.56072e+09;-0.00150013;0
5.57072e+09;-0.00149127;0
5.58072e+09;-0.00148251;0
5.59072e+09;-0.00147383;0
5.60072e+09;-0.00146524;0
5.61072e+09;-0.00145675;0
5.62072e+09;-0.00144835;0
5.63072e+09;-0.00144003;0
5.64072e+09;-0.0014318;0
5.65072e+09;-0.00142365;0
5.66072e+09;-0.00141559;0
5.67072e+09;-0.0014076;0
5.68072e+09;-0.0013997;0
5.69072e+09;-0.00139188;0
5.70072e+09;-0.00138414;0
5.71071e+09;-0.00137648;0
5.72071e+09;-0.0013689;0
5.73071e+09;-0.00136138;0
5.74071e+09;-0.00135395;0
5.75071e+09;-0.00134659;0
5.76071e+09;-0.0013393;0
5.77071e+09;-0.00133209;0
5.78071e+09;-0.00132494;0
5.79071e+09;-0.00131787;0
5.80071e+09;-0.00131086;0
5.81071e+09;-0.00130393;0
5.82071e+09;-0.00129706;0
5.83071e+09;-0.00129026;0
5.84071e+09;-0.00128353;0
5.85071e+09;-0.00127686;0
5.86071e+09;-0.00127025;0
5.87071e+09;-0.00126371;0
5.88071e+09;-0.00125723;0
5.89071e+09;-0.00125081;0
5.90071e+09;-0.00124445;0
5.9107e+09;-0.00123816;0
5.9207e+09;-0.00123192;0
5.9307e+09;-0.00122575;0
5.9407e+09;-0.00121963;0
5.9507e+09;-0.00121356;0
5.9607e+09;-0.00120756;0
5.9707e+09;-0.00120161;0
5.9807e+09;-0.00119572;0
5.9907e+09;-0.00118988;0
6.0007e+09;-0.00118409;0
6.0107e+09;-0.00117836;0
6.0207e+09;-0.00117268;0
6.0307e+09;-0.00116706;0
6.0407e+09;-0.00116148;0
6.0507e+09;-0.00115595;0
6.0607e+09;-0.00115048;0
6.0707e+09;-0.00114506;0
6.0807e+09;-0.00113968;0
6.0907e+09;-0.00113435;0
6.1007e+09;-0.00112907;0
6.11069e+09;-0.00112384;0
6.12069e+09;-0.00111866;0
6.13069e+09;-0.00111352;0
6.14069e+09;-0.00110843;0
6.15069e+09;-0.00110337;0
6.16069e+09;-0.00109837;0
6.17069e+09;-0.00109341;0
6.18069e+09;-0.0010885;0
6.19069e+09;-0.00108362;0
6.20069e+09;-0.00107879;0
6.21069e+09;-0.00107401;0
6.22069e+09;-0.00106926;0
6.23069e+09;-0.00106455;0
6.24069e+09;-0.00105989;0
6.25069e+09;-0.00105526;0
6.26069e+09;-0.00105068;0
6.27069e+09;-0.00104613;0
6.28069e+09;-0.00104162;0
6.29069e+09;-0.00103715;0
6.30069e+09;-0.00103272;0
6.31068e+09;-0.00102833;0
6.32068e+09;-0.00102397;0
6.33068e+09;-0.00101965;0
6.34068e+09;-0.00101537;0
6.35068e+09;-0.00101112;0
6.36068e+09;-0.00100691;0
6.37068e+09;-0.00100273;0
6.38068e+09;-0.000998592;0
6.39068e+09;-0.000994484;0
6.40068e+09;-0.00099041;0
6.41068e+09;-0.000986369;0
6.42068e+09;-0.000982364;0
6.43068e+09;-0.000978388;0
6.44068e+09;-0.000974447;0
6.45068e+09;-0.000970537;0
6.46068e+09;-0.000966659;0
6.47068e+09;-0.000962812;0
6.48068e+09;-0.000958996;0
6.49068e+09;-0.000955211;0
6.50068e+09;-0.000951457;0
6.51067e+09;-0.000947732;0
6.52067e+09;-0.000944038;0
6.53067e+09;-0.000940372;0
6.54067e+09;-0.000936736;0
6.55067e+09;-0.000933129;0
6.56067e+09;-0.00092955;0
6.57067e+09;-0.000925999;0
6.58067e+09;-0.000922476;0
6.59067e+09;-0.000918981;0
6.60067e+09;-0.000915513;0
6.61067e+09;-0.000912073;0
6.62067e+09;-0.000908659;0
6.63067e+09;-0.000905271;0
6.64067e+09;-0.000901909;0
6.65067e+09;-0.000898574;0
6.66067e+09;-0.000895264;0
6.67067e+09;-0.00089198;0
6.68067e+09;-0.000888721;0
6.69067e+09;-0.000885486;0
6.70067e+09;-0.000882276;0
6.71066e+09;-0.000879091;0
6.72066e+09;-0.00087593;0
6.73066e+09;-0.000872792;0
6.74066e+09;-0.000869678;0
6.75066e+09;-0.000866588;0
6.76066e+09;-0.00086352;0
6.77066e+09;-0.000860476;0
6.78066e+09;-0.000857454;0
6.79066e+09;-0.000854455;0
6.80066e+09;-0.000851477;0
6.81066e+09;-0.000848522;0
6.82066e+09;-0.000845589;0
6.83066e+09;-0.000842677;0
6.84066e+09;-0.000839786;0
6.85066e+09;-0.000836917;0
6.86066e+09;-0.000834069;0
6.87066e+09;-0.000831241;0
6.88066e+09;-0.000828434;0
6.89066e+09;-0.000825646;0
6.90066e+09;-0.00082288;0
6.91065e+09;-0.000820132;0
6.92065e+09;-0.000817405;0
6.93065e+09;-0.000814699;0
6.94065e+09;-0.000812009;0
6.95065e+09;-0.00080934;0
6.96065e+09;-0.000806689;0
6.97065e+09;-0.000804057;0
6.98065e+09;-0.000801444;0
6.99065e+09;-0.00079885;0
7.00065e+09;-0.000796273;0
7.01065e+09;-0.000793714;0
7.02065e+09;-0.000791174;0
7.03065e+09;-0.00078865;0
7.04065e+09;-0.000786145;0
7.05065e+09;-0.000783657;0
7.06065e+09;-0.000781186;0
7.07065e+09;-0.000778733;0
7.08065e+09;-0.000776295;0
7.09065e+09;-0.000773875;0
7.10065e+09;-0.000771471;0
7.11064e+09;-0.000769084;0
7.12064e+09;-0.000766713;0
7.13064e+09;-0.000764357;0
7.14064e+09;-0.00076202;0
7.15064e+09;-0.000759695;0
7.16064e+09;-0.000757387;0
7.17064e+09;-0.000755094;0
7.18064e+09;-0.000752818;0
7.19064e+09;-0.000750558;0
7.20064e+09;-0.000748309;0
7.21064e+09;-0.000746078;0
7.22064e+09;-0.00074386;0
7.23064e+09;-0.000741658;0
7.24064e+09;-0.000739469;0
7.25064e+09;-0.000737296;0
7.26064e+09;-0.000735137;0
7.27064e+09;-0.000732991;0
7.28064e+09;-0.00073086;0
7.29064e+09;-0.000728742;0
7.30064e+09;-0.000726639;0
7.31063e+09;-0.000724549;0
7.32063e+09;-0.000722473;0
7.33063e+09;-0.000720409;0
7.34063e+09;-0.000718357;0
7.35063e+09;-0.000716323;0
7.36063e+09;-0.000714296;0
7.37063e+09;-0.000712285;0
7.38063e+09;-0.000710286;0
7.39063e+09;-0.000708301;0
7.40063e+09;-0.000706328;0
7.41063e+09;-0.000704366;0
7.42063e+09;-0.000702418;0
7.43063e+09;-0.00070048;0
7.44063e+09;-0.000698559;0
7.45063e+09;-0.000696643;0
7.46063e+09;-0.000694743;0
7.47063e+09;-0.000692855;0
7.48063e+09;-0.000690977;0
7.49063e+09;-0.000689112;0
7.50063e+09;-0.000687256;0
7.51062e+09;-0.000685414;0
7.52062e+09;-0.000683581;0
7.53062e+09;-0.000681762;0
7.54062e+09;-0.000679953;0
7.55062e+09;-0.000678153;0
7.56062e+09;-0.000676366;0
7.57062e+09;-0.000674588;0
7.58062e+09;-0.000672825;0
7.59062e+09;-0.000671065;0
7.60062e+09;-0.000669324;0
7.61062e+09;-0.000667588;0
7.62062e+09;-0.000665861;0
7.63062e+09;-0.000664148;0
7.64062e+09;-0.000662442;0
7.65062e+09;-0.000660749;0
7.66062e+09;-0.000659063;0
7.67062e+09;-0.00065739;0
7.68062e+09;-0.000655726;0
7.69062e+09;-0.00065407;0
7.70062e+09;-0.000652426;0
7.71061e+09;-0.000650788;0
7.72061e+09;-0.000649163;0
7.73061e+09;-0.000647544;0
7.74061e+09;-0.000645938;0
7.75061e+09;-0.00064434;0
7.76061e+09;-0.000642749;0
7.77061e+09;-0.00064117;0
7.78061e+09;-0.000639597;0
7.79061e+09;-0.000638035;0
7.80061e+09;-0.000636483;0
7.81061e+09;-0.000634936;0
7.82061e+09;-0.000633401;0
7.83061e+09;-0.000631872;0
7.84061e+09;-0.000630354;0
7.85061e+09;-0.000628841;0
7.86061e+09;-0.00062734;0
7.87061e+09;-0.000625848;0
7.88061e+09;-0.00062436;0
7.89061e+09;-0.000622884;0
7.90061e+09;-0.000621412;0
7.9106e+09;-0.000619952;0
7.9206e+09;-0.000618497;0
7.9306e+09;-0.000617053;0
7.9406e+09;-0.000615613;0
7.9506e+09;-0.000614188;0
7.9606e+09;-0.000612764;0
7.9706e+09;-0.000611347;0
7.9806e+09;-0.000609942;0
7.9906e+09;-0.00060854;0
8.0006e+09;-0.00060715;0
8.0106e+09;-0.000605763;0
8.0206e+09;-0.000604388;0
8.0306e+09;-0.000603019;0
8.0406e+09;-0.000601658;0
8.0506e+09;-0.0006003;0
8.0606e+09;-0.00059895;0
8.0706e+09;-0.000597614;0
8.0806e+09;-0.000596277;0
8.0906e+09;-0.000594951;0
8.1006e+09;-0.000593632;0
8.11059e+09;-0.000592313;0
8.12059e+09;-0.000591008;0
8.13059e+09;-0.000589705;0
8.14059e+09;-0.000588413;0
8.15059e+09;-0.000587124;0
8.16059e+09;-0.000585849;0
8.17059e+09;-0.000584577;0
8.18059e+09;-0.000583307;0
8.19059e+09;-0.000582044;0
8.20059e+09;-0.000580788;0
8.21059e+09;-0.000579541;0
8.22059e+09;-0.000578301;0
8.23059e+09;-0.000577063;0
8.24059e+09;-0.000575834;0
8.25059e+09;-0.000574609;0
8.26059e+09;-0.000573393;0
8.27059e+09;-0.000572183;0
8.28059e+09;-0.000570975;0
8.29059e+09;-0.000569774;0
8.30059e+09;-0.000568582;0
8.31058e+09;-0.000567395;0
8.32058e+09;-0.000566211;0
8.33058e+09;-0.000565037;0
8.34058e+09;-0.000563864;0
8.35058e+09;-0.0005627;0
8.36058e+09;-0.000561543;0
8.37058e+09;-0.000560387;0
8.38058e+09;-0.00055924;0
8.39058e+09;-0.000558095;0
8.40058e+09;-0.00055696;0
8.41058e+09;-0.00055583;0
8.42058e+09;-0.000554701;0
8.43058e+09;-0.000553577;0
8.44058e+09;-0.000552463;0
8.45058e+09;-0.000551354;0
8.46058e+09;-0.000550246;0
8.47058e+09;-0.000549148;0
8.48058e+09;-0.00054805;0
8.49058e+09;-0.000546962;0
8.50058e+09;-0.000545875;0
8.51057e+09;-0.000544797;0
8.52057e+09;-0.000543723;0
8.53057e+09;-0.000542651;0
8.54057e+09;-0.000541587;0
8.55057e+09;-0.000540525;0
8.56057e+09;-0.000539471;0
8.57057e+09;-0.000538418;0
8.58057e+09;-0.000537374;0
8.59057e+09;-0.000536335;0
8.60057e+09;-0.0005353;0
8.61057e+09;-0.000534266;0
8.62057e+09;-0.000533236;0
8.63057e+09;-0.000532216;0
8.64057e+09;-0.000531199;0
8.65057e+09;-0.000530183;0
8.66057e+09;-0.000529176;0
8.67057e+09;-0.000528169;0
8.68057e+09;-0.000527175;0
8.69057e+09;-0.000526173;0
8.70057e+09;-0.000525184;0
8.71056e+09;-0.000524194;0
8.72056e+09;-0.000523213;0
8.73056e+09;-0.000522237;0
8.74056e+09;-0.00052126;0
8.75056e+09;-0.000520292;0
8.76056e+09;-0.000519324;0
8.77056e+09;-0.000518364;0
8.78056e+09;-0.000517405;0
8.79056e+09;-0.000516453;0
8.80056e+09;-0.000515506;0
8.81056e+09;-0.000514558;0
8.82056e+09;-0.000513619;0
8.83056e+09;-0.000512679;0
8.84056e+09;-0.000511748;0
8.85056e+09;-0.00051082;0
8.86056e+09;-0.000509893;0
8.87056e+09;-0.000508973;0
8.88056e+09;-0.000508057;0
8.89056e+09;-0.000507141;0
8.90056e+09;-0.000506229;0
8.91055e+09;-0.000505324;0
8.92055e+09;-0.000504428;0
8.93055e+09;-0.000503523;0
8.94055e+09;-0.00050263;0
8.95055e+09;-0.000501736;0
8.96055e+09;-0.00050085;0
8.97055e+09;-0.000499964;0
8.98055e+09;-0.000499085;0
8.99055e+09;-0.000498215;0
9.00055e+09;-0.000497335;0
9.01055e+09;-0.000496467;0
9.02055e+09;-0.000495599;0
9.03055e+09;-0.000494738;0
9.04055e+09;-0.000493876;0
9.05055e+09;-0.000493027;0
9.06055e+09;-0.000492176;0
9.07055e+09;-0.000491321;0
9.08055e+09;-0.000490477;0
9.09055e+09;-0.000489633;0
9.10055e+09;-0.0004888;0
9.11054e+09;-0.000487958;0
9.12054e+09;-0.000487128;0
9.13054e+09;-0.000486301;0
9.14054e+09;-0.000485474;0
9.15054e+09;-0.000484653;0
9.16054e+09;-0.000483832;0
9.17054e+09;-0.000483018;0
9.18054e+09;-0.000482207;0
9.19054e+09;-0.0004814;0
9.20054e+09;-0.000480591;0
9.21054e+09;-0.000479786;0
9.22054e+09;-0.000478988;0
9.23054e+09;-0.000478188;0
9.24054e+09;-0.000477396;0
9.25054e+09;-0.000476603;0
9.26054e+09;-0.000475813;0
9.27054e+09;-0.000475031;0
9.28054e+09;-0.000474247;0
9.29054e+09;-0.00047347;0
9.30054e+09;-0.000472692;0
9.31053e+09;-0.000471921;0
9.32053e+09;-0.000471149;0
9.33053e+09;-0.000470384;0
9.34053e+09;-0.000469622;0
9.35053e+09;-0.000468859;0
9.36053e+09;-0.000468103;0
9.37053e+09;-0.000467345;0
9.38053e+09;-0.000466595;0
9.39053e+09;-0.000465843;0
9.40053e+09;-0.000465102;0
9.41053e+09;-0.000464356;0
9.42053e+09;-0.000463617;0
9.43053e+09;-0.000462876;0
9.44053e+09;-0.000462138;0
9.45053e+09;-0.000461407;0
9.46053e+09;-0.000460675;0
9.47053e+09;-0.00045995;0
9.48053e+09;-0.000459227;0
9.49053e+09;-0.000458503;0
9.50053e+09;-0.000457785;0
9.51052e+09;-0.000457067;0
9.52052e+09;-0.000456359;0
9.53052e+09;-0.000455641;0
9.54052e+09;-0.000454934;0
9.55052e+09;-0.00045423;0
9.56052e+09;-0.000453529;0
9.57052e+09;-0.000452826;0
9.58052e+09;-0.000452125;0
9.59052e+09;-0.000451432;0
9.60052e+09;-0.000450736;0
9.61052e+09;-0.000450048;0
9.62052e+09;-0.000449362;0
9.63052e+09;-0.000448674;0
9.64052e+09;-0.000447993;0
9.65052e+09;-0.00044731;0
9.66052e+09;-0.000446634;0
9.67052e+09;-0.000445957;0
9.68052e+09;-0.000445286;0
9.69052e+09;-0.000444617;0
9.70052e+09;-0.000443947;0
9.71051e+09;-0.000443283;0
9.72051e+09;-0.000442622;0
9.73051e+09;-0.000441959;0
9.74051e+09;-0.000441298;0
9.75051e+09;-0.000440644;0
9.76051e+09;-0.000439993;0
9.77051e+09;-0.000439339;0
9.78051e+09;-0.000438692;0
9.79051e+09;-0.000438044;0
9.80051e+09;-0.000437402;0
9.81051e+09;-0.000436758;0
9.82051e+09;-0.00043612;0
9.83051e+09;-0.000435485;0
9.84051e+09;-0.000434848;0
9.85051e+09;-0.000434218;0
9.86051e+09;-0.000433589;0
9.87051e+09;-0.00043296;0
9.88051e+09;-0.000432332;0
9.89051e+09;-0.000431714;0
9.90051e+09;-0.000431095;0
9.9105e+09;-0.000430471;0
9.9205e+09;-0.000429856;0
9.9305e+09;-0.00042924;0
9.9405e+09;-0.00042863;0
9.9505e+09;-0.000428018;0
9.9605e+09;-0.000427412;0
9.9705e+09;-0.000426812;0
9.9805e+09;-0.000426204;0
9.9905e+09;-0.000425608;0
1.00005e+10;-0.000425008;0
1.00105e+10;-0.000424409;0
1.00205e+10;-0.000423813;0
1.00305e+10;-0.000423222;0
1.00405e+10;-0.000422634;0
1.00505e+10;-0.000422044;0
1.00605e+10;-0.000421461;0
1.00705e+10;-0.000420875;0
1.00805e+10;-0.000420296;0
1.00905e+10;-0.000419714;0
1.01005e+10;-0.000419139;0
1.01105e+10;-0.000418566;0
1.01205e+10;-0.000417991;0
1.01305e+10;-0.000417422;0
1.01405e+10;-0.000416852;0
1.01505e+10;-0.000416287;0
1.01605e+10;-0.000415724;0
1.01705e+10;-0.00041516;0
1.01805e+10;-0.000414601;0
1.01905e+10;-0.000414041;0
1.02005e+10;-0.000413491;0
1.02105e+10;-0.000412931;0
1.02205e+10;-0.000412381;0
1.02305e+10;-0.000411829;0
1.02405e+10;-0.000411283;0
1.02505e+10;-0.000410739;0
1.02605e+10;-0.000410193;0
1.02705e+10;-0.000409657;0
1.02805e+10;-0.000409112;0
1.02905e+10;-0.000408576;0
1.03005e+10;-0.000408039;0
1.03105e+10;-0.000407507;0
1.03205e+10;-0.000406977;0
1.03305e+10;-0.000406446;0
1.03405e+10;-0.00040592;0
1.03505e+10;-0.000405392;0
1.03605e+10;-0.00040487;0
1.03705e+10;-0.000404347;0
1.03805e+10;-0.000403832;0
1.03905e+10;-0.000403316;0
1.04005e+10;-0.000402796;0
1.04105e+10;-0.000402284;0
1.04205e+10;-0.000401771;0
1.04305e+10;-0.000401262;0
1.04405e+10;-0.000400753;0
1.04505e+10;-0.000400249;0
1.04605e+10;-0.000399747;0
1.04705e+10;-0.000399243;0
1.04805e+10;-0.000398745;0
1.04905e+10;-0.000398245;0
1.05005e+10;-0.000397754;0
1.05105e+10;-0.000397255;0
1.05205e+10;-0.000396765;0
1.05305e+10;-0.000396276;0
1.05405e+10;-0.000395789;0
1.05505e+10;-0.000395301;0
1.05605e+10;-0.000394815;0
1.05705e+10;-0.000394334;0
1.05805e+10;-0.000393855;0
1.05905e+10;-0.000393375;0
1.06005e+10;-0.0003929;0
1.06105e+10;-0.000392426;0
1.06205e+10;-0.000391955;0
1.06305e+10;-0.000391479;0
1.06405e+10;-0.000391012;0
1.06505e+10;-0.000390546;0
1.06605e+10;-0.000390082;0
1.06705e+10;-0.000389617;0
1.06805e+10;-0.000389154;0
1.06905e+10;-0.000388695;0
1.07005e+10;-0.000388239;0
1.07105e+10;-0.000387782;0
1.07205e+10;-0.000387329;0
1.07305e+10;-0.000386875;0
1.07405e+10;-0.000386429;0
1.07505e+10;-0.000385976;0
1.07605e+10;-0.000385531;0
1.07705e+10;-0.000385085;0
1.07805e+10;-0.000384643;0
1.07905e+10;-0.000384203;0
1.08005e+10;-0.000383763;0
1.08105e+10;-0.000383326;0
1.08205e+10;-0.000382889;0
1.08305e+10;-0.00038246;0
1.08405e+10;-0.000382024;0
1.08505e+10;-0.000381595;0
1.08605e+10;-0.000381168;0
1.08705e+10;-0.00038074;0
1.08805e+10;-0.000380319;0
1.08905e+10;-0.000379893;0
1.09005e+10;-0.000379473;0
1.09105e+10;-0.000379052;0
1.09205e+10;-0.000378636;0
1.09305e+10;-0.000378222;0
1.09405e+10;-0.000377807;0
1.09505e+10;-0.000377394;0
1.09605e+10;-0.000376987;0
1.09705e+10;-0.000376578;0
1.09805e+10;-0.00037617;0
1.09905e+10;-0.000375764;0
1.10005e+10;-0.000375364;0
1.10104e+10;-0.000374962;0
1.10204e+10;-0.000374561;0
1.10304e+10;-0.000374167;0
1.10404e+10;-0.00037377;0
1.10504e+10;-0.000373375;0
1.10604e+10;-0.000372981;0
1.10704e+10;-0.000372594;0
1.10804e+10;-0.000372204;0
1.10904e+10;-0.000371816;0
1.11004e+10;-0.000371434;0
1.11104e+10;-0.000371049;0
1.11204e+10;-0.000370666;0
1.11304e+10;-0.000370285;0
1.11404e+10;-0.00036991;0
1.11504e+10;-0.000369532;0
1.11604e+10;-0.000369156;0
1.11704e+10;-0.000368786;0
1.11804e+10;-0.000368414;0
1.11904e+10;-0.000368043;0
1.12004e+10;-0.000367674;0
1.12104e+10;-0.000367311;0
1.12204e+10;-0.000366945;0
1.12304e+10;-0.000366581;0
1.12404e+10;-0.000366223;0
1.12504e+10;-0.000365863;0
1.12604e+10;-0.000365504;0
1.12704e+10;-0.000365147;0
1.12804e+10;-0.000364796;0
1.12904e+10;-0.000364442;0
1.13004e+10;-0.00036409;0
1.13104e+10;-0.000363744;0
1.13204e+10;-0.000363396;0
1.13304e+10;-0.000363049;0
1.13404e+10;-0.000362704;0
1.13504e+10;-0.000362364;0
1.13604e+10;-0.000362022;0
1.13704e+10;-0.000361682;0
1.13804e+10;-0.000361347;0
1.13904e+10;-0.00036101;0
1.14004e+10;-0.000360675;0
1.14104e+10;-0.000360345;0
1.14204e+10;-0.000360013;0
1.14304e+10;-0.000359683;0
1.14404e+10;-0.000359355;0
1.14504e+10;-0.000359031;0
1.14604e+10;-0.000358706;0
1.14704e+10;-0.000358383;0
1.14804e+10;-0.000358064;0
1.14904e+10;-0.000357744;0
1.15004e+10;-0.000357425;0
1.15104e+10;-0.000357108;0
1.15204e+10;-0.000356795;0
1.15304e+10;-0.000356482;0
1.15404e+10;-0.000356169;0
1.15504e+10;-0.000355862;0
1.15604e+10;-0.000355553;0
1.15704e+10;-0.000355245;0
1.15804e+10;-0.000354939;0
1.15904e+10;-0.000354638;0
1.16004e+10;-0.000354335;0
1.16104e+10;-0.000354034;0
1.16204e+10;-0.000353738;0
1.16304e+10;-0.00035344;0
1.16404e+10;-0.000353143;0
1.16504e+10;-0.000352849;0
1.16604e+10;-0.000352558;0
1.16704e+10;-0.000352266;0
1.16804e+10;-0.000351973;0
1.16904e+10;-0.000351688;0
1.17004e+10;-0.0003514;0
1.17104e+10;-0.000351115;0
1.17204e+10;-0.000350831;0
1.17304e+10;-0.000350551;0
1.17404e+10;-0.00035027;0
1.17504e+10;-0.000349991;0
1.17604e+10;-0.000349715;0
1.17704e+10;-0.000349439;0
1.17804e+10;-0.000349164;0
1.17904e+10;-0.000348891;0
1.18004e+10;-0.000348621;0
1.18104e+10;-0.000348351;0
1.18204e+10;-0.000348082;0
1.18304e+10;-0.000347817;0
1.18404e+10;-0.000347551;0
1.18504e+10;-0.000347286;0
1.18604e+10;-0.000347023;0
1.18704e+10;-0.000346764;0
1.18804e+10;-0.000346504;0
1.18904e+10;-0.000346245;0
1.19004e+10;-0.00034599;0
1.19104e+10;-0.000345734;0
1.19204e+10;-0.00034548;0
1.19304e+10;-0.000345227;0
1.19404e+10;-0.000344977;0
1.19504e+10;-0.000344727;0
1.19604e+10;-0.000344479;0
1.19704e+10;-0.000344234;0
1.19804e+10;-0.000343988;0
1.19904e+10;-0.000343743;0
1.20004e+10;-0.0003435;0
1.20104e+10;-0.000343261;0
1.20204e+10;-0.00034302;0
1.20304e+10;-0.000342781;0
1.20404e+10;-0.000342546;0
1.20504e+10;-0.00034231;0
1.20604e+10;-0.000342075;0
1.20704e+10;-0.000341842;0
1.20804e+10;-0.000341611;0
1.20904e+10;-0.000341381;0
1.21004e+10;-0.000341151;0
1.21104e+10;-0.000340925;0
1.21204e+10;-0.0003407;0
1.21304e+10;-0.000340473;0
1.21404e+10;-0.000340249;0
1.21504e+10;-0.000340028;0
1.21604e+10;-0.000339807;0
1.21704e+10;-0.000339586;0
1.21804e+10;-0.000339369;0
1.21904e+10;-0.000339152;0
1.22004e+10;-0.000338936;0
1.22104e+10;-0.000338721;0
1.22204e+10;-0.000338509;0
1.22304e+10;-0.000338296;0
1.22404e+10;-0.000338085;0
1.22504e+10;-0.000337878;0
1.22604e+10;-0.000337668;0
1.22704e+10;-0.000337461;0
1.22804e+10;-0.000337255;0
1.22904e+10;-0.000337052;0
1.23004e+10;-0.000336848;0
1.23104e+10;-0.000336646;0
1.23204e+10;-0.000336446;0
1.23304e+10;-0.000336246;0
1.23404e+10;-0.000336047;0
1.23504e+10;-0.00033585;0
1.23604e+10;-0.000335655;0
1.23704e+10;-0.00033546;0
1.23804e+10;-0.000335266;0
1.23904e+10;-0.000335074;0
1.24004e+10;-0.000334883;0
1.24104e+10;-0.000334693;0
1.24204e+10;-0.000334504;0
1.24304e+10;-0.000334317;0
1.24404e+10;-0.00033413;0
1.24504e+10;-0.000333944;0
1.24604e+10;-0.000333761;0
1.24704e+10;-0.000333578;0
1.24804e+10;-0.000333395;0
1.24904e+10;-0.000333214;0
1.25004e+10;-0.000333035;0
1.25104e+10;-0.000332856;0
1.25204e+10;-0.000332679;0
1.25304e+10;-0.000332503;0
1.25404e+10;-0.000332328;0
1.25504e+10;-0.000332153;0
1.25604e+10;-0.00033198;0
1.25704e+10;-0.000331808;0
1.25804e+10;-0.000331637;0
1.25904e+10;-0.000331468;0
1.26004e+10;-0.000331299;0
1.26104e+10;-0.000331131;0
1.26204e+10;-0.000330964;0
1.26304e+10;-0.000330799;0
1.26404e+10;-0.000330635;0
1.26504e+10;-0.000330471;0
1.26604e+10;-0.000330309;0
1.26704e+10;-0.000330147;0
1.26804e+10;-0.000329987;0
1.26904e+10;-0.000329827;0
1.27004e+10;-0.000329669;0
1.27104e+10;-0.000329512;0
1.27204e+10;-0.000329355;0
1.27304e+10;-0.000329199;0
1.27404e+10;-0.000329045;0
1.27504e+10;-0.000328892;0
1.27604e+10;-0.000328739;0
1.27704e+10;-0.000328588;0
1.27804e+10;-0.000328438;0
1.27904e+10;-0.000328288;0
1.28004e+10;-0.000328139;0
1.28104e+10;-0.000327992;0
1.28204e+10;-0.000327845;0
1.28304e+10;-0.000327699;0
1.28404e+10;-0.000327554;0
1.28504e+10;-0.000327411;0
1.28604e+10;-0.000327268;0
1.28704e+10;-0.000327126;0
1.28804e+10;-0.000326985;0
1.28904e+10;-0.000326845;0
1.29004e+10;-0.000326705;0
1.29104e+10;-0.000326567;0
1.29204e+10;-0.000326429;0
1.29304e+10;-0.000326293;0
1.29404e+10;-0.000326157;0
1.29504e+10;-0.000326022;0
1.29604e+10;-0.000325888;0
1.29704e+10;-0.000325755;0
1.29804e+10;-0.000325623;0
1.29904e+10;-0.000325491;0
1.30004e+10;-0.000325361;0
1.30103e+10;-0.000325231;0
1.30203e+10;-0.000325102;0
1.30303e+10;-0.000324974;0
1.30403e+10;-0.000324847;0
1.30503e+10;-0.000324721;0
1.30603e+10;-0.000324595;0
1.30703e+10;-0.00032447;0
1.30803e+10;-0.000324346;0
1.30903e+10;-0.000324223;0
1.31003e+10;-0.000324101;0
1.31103e+10;-0.00032398;0
1.31203e+10;-0.000323859;0
1.31303e+10;-0.000323739;0
1.31403e+10;-0.00032362;0
1.31503e+10;-0.000323501;0
1.31603e+10;-0.000323384;0
1.31703e+10;-0.000323267;0
1.31803e+10;-0.000323151;0
1.31903e+10;-0.000323035;0
1.32003e+10;-0.000322921;0
1.32103e+10;-0.000322807;0
1.32203e+10;-0.000322694;0
1.32303e+10;-0.000322581;0
1.32403e+10;-0.00032247;0
1.32503e+10;-0.000322359;0
1.32603e+10;-0.000322249;0
1.32703e+10;-0.000322139;0
1.32803e+10;-0.00032203;0
1.32903e+10;-0.000321922;0
1.33003e+10;-0.000321815;0
1.33103e+10;-0.000321708;0
1.33203e+10;-0.000321602;0
1.33303e+10;-0.000321497;0
1.33403e+10;-0.000321392;0
1.33503e+10;-0.000321289;0
1.33603e+10;-0.000321185;0
1.33703e+10;-0.000321083;0
1.33803e+10;-0.000320981;0
1.33903e+10;-0.00032088;0
1.34003e+10;-0.000320779;0
1.34103e+10;-0.000320679;0
1.34203e+10;-0.00032058;0
1.34303e+10;-0.000320481;0
1.34403e+10;-0.000320383;0
1.34503e+10;-0.000320286;0
1.34603e+10;-0.000320189;0
1.34703e+10;-0.000320093;0
1.34803e+10;-0.000319997;0
1.34903e+10;-0.000319902;0
1.35003e+10;-0.000319808;0
1.35103e+10;-0.000319714;0
1.35203e+10;-0.000319621;0
1.35303e+10;-0.000319529;0
1.35403e+10;-0.000319437;0
1.35503e+10;-0.000319346;0
1.35603e+10;-0.000319255;0
1.35703e+10;-0.000319165;0
1.35803e+10;-0.000319075;0
1.35903e+10;-0.000318986;0
1.36003e+10;-0.000318898;0
1.36103e+10;-0.00031881;0
1.36203e+10;-0.000318723;0
1.36303e+10;-0.000318636;0
1.36403e+10;-0.00031855;0
1.36503e+10;-0.000318464;0
1.36603e+10;-0.000318379;0
1.36703e+10;-0.000318295;0
1.36803e+10;-0.000318211;0
1.36903e+10;-0.000318127;0
1.37003e+10;-0.000318044;0
1.37103e+10;-0.000317962;0
1.37203e+10;-0.00031788;0
1.37303e+10;-0.000317799;0
1.37403e+10;-0.000317718;0
1.37503e+10;-0.000317638;0
1.37603e+10;-0.000317558;0
1.37703e+10;-0.000317479;0
1.37803e+10;-0.0003174;0
1.37903e+10;-0.000317321;0
1.38003e+10;-0.000317244;0
1.38103e+10;-0.000317166;0
1.38203e+10;-0.000317089;0
1.38303e+10;-0.000317013;0
1.38403e+10;-0.000316937;0
1.38503e+10;-0.000316862;0
1.38603e+10;-0.000316787;0
1.38703e+10;-0.000316712;0
1.38803e+10;-0.000316638;0
1.38903e+10;-0.000316565;0
1.39003e+10;-0.000316492;0
1.39103e+10;-0.000316419;0
1.39203e+10;-0.000316347;0
1.39303e+10;-0.000316275;0
1.39403e+10;-0.000316204;0
1.39503e+10;-0.000316133;0
1.39603e+10;-0.000316063;0
1.39703e+10;-0.000315992;0
1.39803e+10;-0.000315923;0
1.39903e+10;-0.000315853;0
1.40003e+10;-0.000315785;0
1.40103e+10;-0.000315717;0
1.40203e+10;-0.000315649;0
1.40303e+10;-0.000315581;0
1.40403e+10;-0.000315514;0
1.40503e+10;-0.000315447;0
1.40603e+10;-0.000315381;0
1.40703e+10;-0.000315315;0
1.40803e+10;-0.00031525;0
1.40903e+10;-0.000315185;0
1.41003e+10;-0.00031512;0
1.41103e+10;-0.000315056;0
1.41203e+10;-0.000314992;0
1.41303e+10;-0.000314928;0
1.41403e+10;-0.000314865;0
1.41503e+10;-0.000314802;0
1.41603e+10;-0.00031474;0
1.41703e+10;-0.000314678;0
1.41803e+10;-0.000314616;0
1.41903e+10;-0.000314555;0
1.42003e+10;-0.000314494;0
1.42103e+10;-0.000314433;0
1.42203e+10;-0.000314373;0
1.42303e+10;-0.000314313;0
1.42403e+10;-0.000314254;0
1.42503e+10;-0.000314194;0
1.42603e+10;-0.000314136;0
1.42703e+10;-0.000314077;0
1.42803e+10;-0.000314019;0
1.42903e+10;-0.000313961;0
1.43003e+10;-0.000313904;0
1.43103e+10;-0.000313847;0
1.43203e+10;-0.00031379;0
1.43303e+10;-0.000313733;0
1.43403e+10;-0.000313677;0
1.43503e+10;-0.000313621;0
1.43603e+10;-0.000313566;0
1.43703e+10;-0.000313511;0
1.43803e+10;-0.000313456;0
1.43903e+10;-0.000313401;0
1.44003e+10;-0.000313347;0
1.44103e+10;-0.000313293;0
1.44203e+10;-0.000313239;0
1.44303e+10;-0.000313186;0
1.44403e+10;-0.000313133;0
1.44503e+10;-0.00031308;0
1.44603e+10;-0.000313027;0
1.44703e+10;-0.000312975;0
1.44803e+10;-0.000312923;0
1.44903e+10;-0.000312871;0
1.45003e+10;-0.00031282;0
1.45103e+10;-0.000312769;0
1.45203e+10;-0.000312718;0
1.45303e+10;-0.000312668;0
1.45403e+10;-0.000312618;0
1.45503e+10;-0.000312568;0
1.45603e+10;-0.000312518;0
1.45703e+10;-0.000312468;0
1.45803e+10;-0.000312419;0
1.45903e+10;-0.000312371;0
1.46003e+10;-0.000312322;0
1.46103e+10;-0.000312273;0
1.46203e+10;-0.000312225;0
1.46303e+10;-0.000312177;0
1.46403e+10;-0.00031213;0
1.46503e+10;-0.000312082;0
1.46603e+10;-0.000312035;0
1.46703e+10;-0.000311988;0
1.46803e+10;-0.000311942;0
1.46903e+10;-0.000311896;0
1.47003e+10;-0.000311849;0
1.47103e+10;-0.000311803;0
1.47203e+10;-0.000311758;0
1.47303e+10;-0.000311712;0
1.47403e+10;-0.000311667;0
1.47503e+10;-0.000311622;0
1.47603e+10;-0.000311577;0
1.47703e+10;-0.000311533;0
1.47803e+10;-0.000311488;0
1.47903e+10;-0.000311445;0
1.48003e+10;-0.000311401;0
1.48103e+10;-0.000311357;0
1.48203e+10;-0.000311313;0
1.48303e+10;-0.000311271;0
1.48403e+10;-0.000311227;0
1.48503e+10;-0.000311185;0
1.48603e+10;-0.000311142;0
1.48703e+10;-0.0003111;0
1.48803e+10;-0.000311058;0
1.48903e+10;-0.000311016;0
1.49003e+10;-0.000310974;0
1.49103e+10;-0.000310932;0
1.49203e+10;-0.000310891;0
1.49303e+10;-0.00031085;0
1.49403e+10;-0.000310809;0
1.49503e+10;-0.000310768;0
1.49603e+10;-0.000310728;0
1.49703e+10;-0.000310688;0
1.49803e+10;-0.000310647;0
1.49903e+10;-0.000310607;0
1.50003e+10;-0.000310568;0
1.50102e+10;-0.000310528;0
1.50202e+10;-0.000310489;0
1.50302e+10;-0.000310449;0
1.50402e+10;-0.00031041;0
1.50502e+10;-0.000310371;0
1.50602e+10;-0.000310333;0
1.50702e+10;-0.000310294;0
1.50802e+10;-0.000310256;0
1.50902e+10;-0.000310218;0
1.51002e+10;-0.00031018;0
1.51102e+10;-0.000310142;0
1.51202e+10;-0.000310104;0
1.51302e+10;-0.000310067;0
1.51402e+10;-0.00031003;0
1.51502e+10;-0.000309992;0
1.51602e+10;-0.000309955;0
1.51702e+10;-0.000309919;0
1.51802e+10;-0.000309882;0
1.51902e+10;-0.000309845;0
1.52002e+10;-0.000309809;0
1.52102e+10;-0.000309773;0
1.52202e+10;-0.000309737;0
1.52302e+10;-0.000309701;0
1.52402e+10;-0.000309665;0
1.52502e+10;-0.00030963;0
1.52602e+10;-0.000309594;0
1.52702e+10;-0.000309559;0
1.52802e+10;-0.000309524;0
1.52902e+10;-0.000309489;0
1.53002e+10;-0.000309454;0
1.53102e+10;-0.000309419;0
1.53202e+10;-0.000309385;0
1.53302e+10;-0.00030935;0
1.53402e+10;-0.000309316;0
1.53502e+10;-0.000309282;0
1.53602e+10;-0.000309247;0
1.53702e+10;-0.000309214;0
1.53802e+10;-0.00030918;0
1.53902e+10;-0.000309147;0
1.54002e+10;-0.000309113;0
1.54102e+10;-0.00030908;0
1.54202e+10;-0.000309047;0
1.54302e+10;-0.000309014;0
1.54402e+10;-0.000308981;0
1.54502e+10;-0.000308948;0
1.54602e+10;-0.000308915;0
1.54702e+10;-0.000308882;0
1.54802e+10;-0.00030885;0
1.54902e+10;-0.000308818;0
1.55002e+10;-0.000308786;0
1.55102e+10;-0.000308754;0
1.55202e+10;-0.000308722;0
1.55302e+10;-0.000308691;0
1.55402e+10;-0.000308659;0
1.55502e+10;-0.000308627;0
1.55602e+10;-0.000308596;0
1.55702e+10;-0.000308564;0
1.55802e+10;-0.000308533;0
1.55902e+10;-0.000308502;0
1.56002e+10;-0.000308471;0
1.56102e+10;-0.00030844;0
1.56202e+10;-0.000308409;0
1.56302e+10;-0.000308379;0
1.56402e+10;-0.000308348;0
1.56502e+10;-0.000308318;0
1.56602e+10;-0.000308287;0
1.56702e+10;-0.000308257;0
1.56802e+10;-0.000308227;0
1.56902e+10;-0.000308197;0
1.57002e+10;-0.000308167;0
1.57102e+10;-0.000308137;0
1.57202e+10;-0.000308107;0
1.57302e+10;-0.000308078;0
1.57402e+10;-0.000308049;0
1.57502e+10;-0.000308019;0
1.57602e+10;-0.000307989;0
1.57702e+10;-0.000307961;0
1.57802e+10;-0.000307931;0
1.57902e+10;-0.000307902;0
1.58002e+10;-0.000307873;0
1.58102e+10;-0.000307845;0
1.58202e+10;-0.000307816;0
1.58302e+10;-0.000307787;0
1.58402e+10;-0.000307759;0
1.58502e+10;-0.00030773;0
1.58602e+10;-0.000307702;0
1.58702e+10;-0.000307674;0
1.58802e+10;-0.000307645;0
1.58902e+10;-0.000307617;0
1.59002e+10;-0.000307589;0
1.59102e+10;-0.000307561;0
1.59202e+10;-0.000307533;0
1.59302e+10;-0.000307506;0
1.59402e+10;-0.000307478;0
1.59502e+10;-0.00030745;0
1.59602e+10;-0.000307423;0
1.59702e+10;-0.000307396;0
1.59802e+10;-0.000307368;0
1.59902e+10;-0.000307341;0
1.60002e+10;-0.000307314;0
1.60102e+10;-0.000307287;0
1.60202e+10;-0.00030726;0
1.60302e+10;-0.000307232;0
1.60402e+10;-0.000307206;0
1.60502e+10;-0.000307179;0
1.60602e+10;-0.000307152;0
1.60702e+10;-0.000307126;0
1.60802e+10;-0.000307099;0
1.60902e+10;-0.000307073;0
1.61002e+10;-0.000307046;0
1.61102e+10;-0.00030702;0
1.61202e+10;-0.000306994;0
1.61302e+10;-0.000306967;0
1.61402e+10;-0.000306941;0
1.61502e+10;-0.000306915;0
1.61602e+10;-0.00030689;0
1.61702e+10;-0.000306863;0
1.61802e+10;-0.000306838;0
1.61902e+10;-0.000306812;0
1.62002e+10;-0.000306786;0
1.62102e+10;-0.000306761;0
1.62202e+10;-0.000306735;0
1.62302e+10;-0.00030671;0
1.62402e+10;-0.000306684;0
1.62502e+10;-0.000306659;0
1.62602e+10;-0.000306634;0
1.62702e+10;-0.000306608;0
1.62802e+10;-0.000306583;0
1.62902e+10;-0.000306558;0
1.63002e+10;-0.000306533;0
1.63102e+10;-0.000306508;0
1.63202e+10;-0.000306483;0
1.63302e+10;-0.000306458;0
1.63402e+10;-0.000306433;0
1.63502e+10;-0.000306409;0
1.63602e+10;-0.000306384;0
1.63702e+10;-0.00030636;0
1.63802e+10;-0.000306335;0
1.63902e+10;-0.00030631;0
1.64002e+10;-0.000306286;0
1.64102e+10;-0.000306262;0
1.64202e+10;-0.000306237;0
1.64302e+10;-0.000306213;0
1.64402e+10;-0.000306189;0
1.64502e+10;-0.000306165;0
1.64602e+10;-0.000306141;0
1.64702e+10;-0.000306117;0
1.64802e+10;-0.000306092;0
1.64902e+10;-0.000306069;0
1.65002e+10;-0.000306045;0
1.65102e+10;-0.000306021;0
1.65202e+10;-0.000305997;0
1.65302e+10;-0.000305974;0
1.65402e+10;-0.00030595;0
1.65502e+10;-0.000305926;0
1.65602e+10;-0.000305903;0
1.65702e+10;-0.000305879;0
1.65802e+10;-0.000305856;0
1.65902e+10;-0.000305832;0
1.66002e+10;-0.000305809;0
1.66102e+10;-0.000305786;0
1.66202e+10;-0.000305762;0
1.66302e+10;-0.000305739;0
1.66402e+10;-0.000305716;0
1.66502e+10;-0.000305693;0
1.66602e+10;-0.00030567;0
1.66702e+10;-0.000305647;0
1.66802e+10;-0.000305624;0
1.66902e+10;-0.000305601;0
1.67002e+10;-0.000305578;0
1.67102e+10;-0.000305555;0
1.67202e+10;-0.000305533;0
1.67302e+10;-0.00030551;0
1.67402e+10;-0.000305487;0
1.67502e+10;-0.000305464;0
1.67602e+10;-0.000305442;0
1.67702e+10;-0.000305419;0
1.67802e+10;-0.000305397;0
1.67902e+10;-0.000305374;0
1.68002e+10;-0.000305352;0
1.68102e+10;-0.000305329;0
1.68202e+10;-0.000305307;0
1.68302e+10;-0.000305285;0
1.68402e+10;-0.000305262;0
1.68502e+10;-0.00030524;0
1.68602e+10;-0.000305218;0
1.68702e+10;-0.000305196;0
1.68802e+10;-0.000305174;0
1.68902e+10;-0.000305152;0
1.69002e+10;-0.00030513;0
1.69102e+10;-0.000305108;0
1.69202e+10;-0.000305086;0
1.69302e+10;-0.000305064;0
1.69402e+10;-0.000305042;0
1.69502e+10;-0.00030502;0
1.69602e+10;-0.000304999;0
1.69702e+10;-0.000304977;0
1.69802e+10;-0.000304955;0
1.69902e+10;-0.000304933;0
1.70002e+10;-0.000304912;0
1.70101e+10;-0.00030489;0
1.70201e+10;-0.000304869;0
1.70301e+10;-0.000304847;0
1.70401e+10;-0.000304825;0
1.70501e+10;-0.000304804;0
1.70601e+10;-0.000304783;0
1.70701e+10;-0.000304761;0
1.70801e+10;-0.00030474;0
1.70901e+10;-0.000304719;0
1.71001e+10;-0.000304697;0
1.71101e+10;-0.000304676;0
1.71201e+10;-0.000304655;0
1.71301e+10;-0.000304634;0
1.71401e+10;-0.000304612;0
1.71501e+10;-0.000304591;0
1.71601e+10;-0.00030457;0
1.71701e+10;-0.000304549;0
1.71801e+10;-0.000304528;0
1.71901e+10;-0.000304507;0
1.72001e+10;-0.000304486;0
1.72101e+10;-0.000304465;0
1.72201e+10;-0.000304444;0
1.72301e+10;-0.000304423;0
1.72401e+10;-0.000304403;0
1.72501e+10;-0.000304382;0
1.72601e+10;-0.000304361;0
1.72701e+10;-0.00030434;0
1.72801e+10;-0.00030432;0
1.72901e+10;-0.000304299;0
1.73001e+10;-0.000304278;0
1.73101e+10;-0.000304258;0
1.73201e+10;-0.000304237;0
1.73301e+10;-0.000304216;0
1.73401e+10;-0.000304196;0
1.73501e+10;-0.000304175;0
1.73601e+10;-0.000304155;0
1.73701e+10;-0.000304134;0
1.73801e+10;-0.000304114;0
1.73901e+10;-0.000304094;0
1.74001e+10;-0.000304073;0
1.74101e+10;-0.000304053;0
1.74201e+10;-0.000304033;0
1.74301e+10;-0.000304012;0
1.74401e+10;-0.000303992;0
1.74501e+10;-0.000303972;0
1.74601e+10;-0.000303952;0
1.74701e+10;-0.000303931;0
1.74801e+10;-0.000303911;0
1.74901e+10;-0.000303891;0
1.75001e+10;-0.000303871;0
1.75101e+10;-0.000303851;0
1.75201e+10;-0.000303831;0
1.75301e+10;-0.000303811;0
1.75401e+10;-0.000303791;0
1.75501e+10;-0.000303771;0
1.75601e+10;-0.000303751;0
1.75701e+10;-0.000303731;0
1.75801e+10;-0.000303711;0
1.75901e+10;-0.000303691;0
1.76001e+10;-0.000303671;0
1.76101e+10;-0.000303651;0
1.76201e+10;-0.000303632;0
1.76301e+10;-0.000303612;0
1.76401e+10;-0.000303592;0
1.76501e+10;-0.000303572;0
1.76601e+10;-0.000303553;0
1.76701e+10;-0.000303533;0
1.76801e+10;-0.000303513;0
1.76901e+10;-0.000303494;0
1.77001e+10;-0.000303474;0
1.77101e+10;-0.000303454;0
1.77201e+10;-0.000303435;0
1.77301e+10;-0.000303415;0
1.77401e+10;-0.000303396;0
1.77501e+10;-0.000303376;0
1.77601e+10;-0.000303357;0
1.77701e+10;-0.000303337;0
1.77801e+10;-0.000303318;0
1.77901e+10;-0.000303299;0
1.78001e+10;-0.000303279;0
1.78101e+10;-0.00030326;0
1.78201e+10;-0.00030324;0
1.78301e+10;-0.000303221;0
1.78401e+10;-0.000303202;0
1.78501e+10;-0.000303182;0
1.78601e+10;-0.000303163;0
1.78701e+10;-0.000303144;0
1.78801e+10;-0.000303125;0
1.78901e+10;-0.000303105;0
1.79001e+10;-0.000303086;0
1.79101e+10;-0.000303067;0
1.79201e+10;-0.000303048;0
1.79301e+10;-0.000303029;0
1.79401e+10;-0.00030301;0
1.79501e+10;-0.000302991;0
1.79601e+10;-0.000302972;0
1.79701e+10;-0.000302953;0
1.79801e+10;-0.000302934;0
1.79901e+10;-0.000302914;0
1.80001e+10;-0.000302895;0
1.80101e+10;-0.000302877;0
1.80201e+10;-0.000302858;0
1.80301e+10;-0.000302839;0
1.80401e+10;-0.00030282;0
1.80501e+10;-0.000302801;0
1.80601e+10;-0.000302782;0
1.80701e+10;-0.000302763;0
1.80801e+10;-0.000302744;0
1.80901e+10;-0.000302725;0
1.81001e+10;-0.000302707;0
1.81101e+10;-0.000302688;0
1.81201e+10;-0.000302669;0
1.81301e+10;-0.00030265;0
1.81401e+10;-0.000302632;0
1.81501e+10;-0.000302613;0
1.81601e+10;-0.000302594;0
1.81701e+10;-0.000302575;0
1.81801e+10;-0.000302557;0
1.81901e+10;-0.000302538;0
1.82001e+10;-0.00030252;0
1.82101e+10;-0.000302501;0
1.82201e+10;-0.000302482;0
1.82301e+10;-0.000302464;0
1.82401e+10;-0.000302445;0
1.82501e+10;-0.000302427;0
1.82601e+10;-0.000302408;0
1.82701e+10;-0.00030239;0
1.82801e+10;-0.000302371;0
1.82901e+10;-0.000302353;0
1.83001e+10;-0.000302334;0
1.83101e+10;-0.000302316;0
1.83201e+10;-0.000302297;0
1.83301e+10;-0.000302279;0
1.83401e+10;-0.00030226;0
1.83501e+10;-0.000302242;0
1.83601e+10;-0.000302224;0
1.83701e+10;-0.000302205;0
1.83801e+10;-0.000302187;0
1.83901e+10;-0.000302169;0
1.84001e+10;-0.00030215;0
1.84101e+10;-0.000302132;0
1.84201e+10;-0.000302114;0
1.84301e+10;-0.000302096;0
1.84401e+10;-0.000302077;0
1.84501e+10;-0.000302059;0
1.84601e+10;-0.000302041;0
1.84701e+10;-0.000302023;0
1.84801e+10;-0.000302004;0
1.84901e+10;-0.000301986;0
1.85001e+10;-0.000301968;0
1.85101e+10;-0.00030195;0
1.85201e+10;-0.000301932;0
1.85301e+10;-0.000301914;0
1.85401e+10;-0.000301896;0
1.85501e+10;-0.000301878;0
1.85601e+10;-0.000301859;0
1.85701e+10;-0.000301841;0
1.85801e+10;-0.000301823;0
1.85901e+10;-0.000301805;0
1.86001e+10;-0.000301787;0
1.86101e+10;-0.000301769;0
1.86201e+10;-0.000301751;0
1.86301e+10;-0.000301733;0
1.86401e+10;-0.000301715;0
1.86501e+10;-0.000301697;0
1.86601e+10;-0.000301679;0
1.86701e+10;-0.000301662;0
1.86801e+10;-0.000301644;0
1.86901e+10;-0.000301626;0
1.87001e+10;-0.000301608;0
1.87101e+10;-0.00030159;0
1.87201e+10;-0.000301572;0
1.87301e+10;-0.000301554;0
1.87401e+10;-0.000301537;0
1.87501e+10;-0.000301519;0
1.87601e+10;-0.000301501;0
1.87701e+10;-0.000301483;0
1.87801e+10;-0.000301465;0
1.87901e+10;-0.000301448;0
1.88001e+10;-0.00030143;0
1.88101e+10;-0.000301412;0
1.88201e+10;-0.000301394;0
1.88301e+10;-0.000301377;0
1.88401e+10;-0.000301359;0
1.88501e+10;-0.000301341;0
1.88601e+10;-0.000301324;0
1.88701e+10;-0.000301306;0
1.88801e+10;-0.000301288;0
1.88901e+10;-0.000301271;0
1.89001e+10;-0.000301253;0
1.89101e+10;-0.000301236;0
1.89201e+10;-0.000301218;0
1.89301e+10;-0.0003012;0
1.89401e+10;-0.000301183;0
1.89501e+10;-0.000301165;0
1.89601e+10;-0.000301148;0
1.89701e+10;-0.00030113;0
1.89801e+10;-0.000301113;0
1.89901e+10;-0.000301095;0
1.90001e+10;-0.000301078;0
1.901e+10;-0.00030106;0
1.902e+10;-0.000301043;0
1.903e+10;-0.000301025;0
1.904e+10;-0.000301008;0
1.905e+10;-0.00030099;0
1.906e+10;-0.000300973;0
1.907e+10;-0.000300956;0
1.908e+10;-0.000300938;0
1.909e+10;-0.000300921;0
1.91e+10;-0.000300904;0
1.911e+10;-0.000300886;0
1.912e+10;-0.000300869;0
1.913e+10;-0.000300852;0
1.914e+10;-0.000300834;0
1.915e+10;-0.000300817;0
1.916e+10;-0.0003008;0
1.917e+10;-0.000300782;0
1.918e+10;-0.000300765;0
1.919e+10;-0.000300748;0
1.92e+10;-0.00030073;0
1.921e+10;-0.000300713;0
1.922e+10;-0.000300696;0
1.923e+10;-0.000300679;0
1.924e+10;-0.000300661;0
1.925e+10;-0.000300644;0
1.926e+10;-0.000300627;0
1.927e+10;-0.00030061;0
1.928e+10;-0.000300593;0
1.929e+10;-0.000300576;0
1.93e+10;-0.000300558;0
1.931e+10;-0.000300541;0
1.932e+10;-0.000300524;0
1.933e+10;-0.000300507;0
1.934e+10;-0.00030049;0
1.935e+10;-0.000300473;0
1.936e+10;-0.000300456;0
1.937e+10;-0.000300439;0
1.938e+10;-0.000300422;0
1.939e+10;-0.000300405;0
1.94e+10;-0.000300388;0
1.941e+10;-0.00030037;0
1.942e+10;-0.000300353;0
1.943e+10;-0.000300336;0
1.944e+10;-0.000300319;0
1.945e+10;-0.000300302;0
1.946e+10;-0.000300285;0
1.947e+10;-0.000300268;0
1.948e+10;-0.000300252;0
1.949e+10;-0.000300235;0
1.95e+10;-0.000300218;0
1.951e+10;-0.000300201;0
1.952e+10;-0.000300184;0
1.953e+10;-0.000300167;0
1.954e+10;-0.00030015;0
1.955e+10;-0.000300133;0
1.956e+10;-0.000300116;0
1.957e+10;-0.000300099;0
1.958e+10;-0.000300082;0
1.959e+10;-0.000300066;0
1.96e+10;-0.000300049;0
1.961e+10;-0.000300032;0
1.962e+10;-0.000300015;0
1.963e+10;-0.000299998;0
1.964e+10;-0.000299982;0
1.965e+10;-0.000299965;0
1.966e+10;-0.000299948;0
1.967e+10;-0.000299931;0
1.968e+10;-0.000299914;0
1.969e+10;-0.000299898;0
1.97e+10;-0.000299881;0
1.971e+10;-0.000299864;0
1.972e+10;-0.000299848;0
1.973e+10;-0.000299831;0
1.974e+10;-0.000299814;0
1.975e+10;-0.000299797;0
1.976e+10;-0.000299781;0
1.977e+10;-0.000299764;0
1.978e+10;-0.000299747;0
1.979e+10;-0.000299731;0
1.98e+10;-0.000299714;0
1.981e+10;-0.000299697;0
1.982e+10;-0.000299681;0
1.983e+10;-0.000299664;0
1.984e+10;-0.000299648;0
1.985e+10;-0.000299631;0
1.986e+10;-0.000299614;0
1.987e+10;-0.000299598;0
1.988e+10;-0.000299581;0
1.989e+10;-0.000299565;0
1.99e+10;-0.000299548;0
1.991e+10;-0.000299532;0
1.992e+10;-0.000299515;0
1.993e+10;-0.000299499;0
1.994e+10;-0.000299482;0
1.995e+10;-0.000299466;0
1.996e+10;-0.000299449;0
1.997e+10;-0.000299433;0
1.998e+10;-0.000299416;0
1.999e+10;-0.0002994;0
2e+10;-0.000299383;0
