"frequency";"r ngspice/ac.s_1_2_db";"i ngspice/ac.s_1_2_db"
1e+06;-159.692;0
1.09995e+07;-138.851;0
2.0999e+07;-133.199;0
3.09985e+07;-129.759;0
4.0998e+07;-127.253;0
5.09975e+07;-125.259;0
6.0997e+07;-123.588;0
7.09965e+07;-122.136;0
8.0996e+07;-120.842;0
9.09955e+07;-119.668;0
1.00995e+08;-118.587;0
1.10995e+08;-117.581;0
1.20994e+08;-116.636;0
1.30994e+08;-115.742;0
1.40993e+08;-114.893;0
1.50993e+08;-114.082;0
1.60992e+08;-113.304;0
1.70992e+08;-112.557;0
1.80991e+08;-111.837;0
1.90991e+08;-111.142;0
2.0099e+08;-110.47;0
2.1099e+08;-109.818;0
2.20989e+08;-109.186;0
2.30989e+08;-108.573;0
2.40988e+08;-107.976;0
2.50988e+08;-107.395;0
2.60987e+08;-106.83;0
2.70987e+08;-106.278;0
2.80986e+08;-105.741;0
2.90986e+08;-105.216;0
3.00985e+08;-104.703;0
3.10985e+08;-104.202;0
3.20984e+08;-103.712;0
3.30984e+08;-103.232;0
3.40983e+08;-102.763;0
3.50983e+08;-102.303;0
3.60982e+08;-101.853;0
3.70982e+08;-101.411;0
3.80981e+08;-100.978;0
3.90981e+08;-100.553;0
4.0098e+08;-100.136;0
4.1098e+08;-99.7259;0
4.20979e+08;-99.3233;0
4.30979e+08;-98.9276;0
4.40978e+08;-98.5386;0
4.50978e+08;-98.156;0
4.60977e+08;-97.7796;0
4.70977e+08;-97.4091;0
4.80976e+08;-97.0444;0
4.90976e+08;-96.6852;0
5.00975e+08;-96.3313;0
5.10975e+08;-95.9826;0
5.20974e+08;-95.6388;0
5.30974e+08;-95.2999;0
5.40973e+08;-94.9656;0
5.50973e+08;-94.6358;0
5.60972e+08;-94.3103;0
5.70972e+08;-93.9891;0
5.80971e+08;-93.6719;0
5.90971e+08;-93.3587;0
6.0097e+08;-93.0492;0
6.1097e+08;-92.7435;0
6.20969e+08;-92.4414;0
6.30969e+08;-92.1428;0
6.40968e+08;-91.8475;0
6.50968e+08;-91.5556;0
6.60967e+08;-91.2668;0
6.70967e+08;-90.981;0
6.80966e+08;-90.6984;0
6.90966e+08;-90.4185;0
7.00965e+08;-90.1416;0
7.10965e+08;-89.8674;0
7.20964e+08;-89.5959;0
7.30964e+08;-89.3271;0
7.40963e+08;-89.0606;0
7.50963e+08;-88.7968;0
7.60962e+08;-88.5352;0
7.70962e+08;-88.2761;0
7.80961e+08;-88.0192;0
7.90961e+08;-87.7645;0
8.0096e+08;-87.512;0
8.1096e+08;-87.2616;0
8.20959e+08;-87.0132;0
8.30959e+08;-86.7668;0
8.40958e+08;-86.5224;0
8.50958e+08;-86.2799;0
8.60957e+08;-86.0392;0
8.70957e+08;-85.8004;0
8.80956e+08;-85.5632;0
8.90956e+08;-85.3278;0
9.00955e+08;-85.094;0
9.10955e+08;-84.8619;0
9.20954e+08;-84.6315;0
9.30954e+08;-84.4024;0
9.40953e+08;-84.1751;0
9.50953e+08;-83.9489;0
9.60952e+08;-83.7244;0
9.70952e+08;-83.5013;0
9.80951e+08;-83.2795;0
9.90951e+08;-83.0591;0
1.00095e+09;-82.8399;0
1.01095e+09;-82.622;0
1.02095e+09;-82.4053;0
1.03095e+09;-82.1899;0
1.04095e+09;-81.9758;0
1.05095e+09;-81.7624;0
1.06095e+09;-81.5505;0
1.07095e+09;-81.3395;0
1.08095e+09;-81.1296;0
1.09095e+09;-80.9207;0
1.10095e+09;-80.713;0
1.11094e+09;-80.506;0
1.12094e+09;-80.3;0
1.13094e+09;-80.095;0
1.14094e+09;-79.8908;0
1.15094e+09;-79.6876;0
1.16094e+09;-79.4853;0
1.17094e+09;-79.2835;0
1.18094e+09;-79.0829;0
1.19094e+09;-78.8826;0
1.20094e+09;-78.6833;0
1.21094e+09;-78.4847;0
1.22094e+09;-78.2868;0
1.23094e+09;-78.0896;0
1.24094e+09;-77.8929;0
1.25094e+09;-77.697;0
1.26094e+09;-77.5015;0
1.27094e+09;-77.3069;0
1.28094e+09;-77.1124;0
1.29094e+09;-76.9187;0
1.30094e+09;-76.7255;0
1.31093e+09;-76.5327;0
1.32093e+09;-76.3404;0
1.33093e+09;-76.1484;0
1.34093e+09;-75.9571;0
1.35093e+09;-75.7658;0
1.36093e+09;-75.5751;0
1.37093e+09;-75.3847;0
1.38093e+09;-75.1946;0
1.39093e+09;-75.0047;0
1.40093e+09;-74.8153;0
1.41093e+09;-74.6259;0
1.42093e+09;-74.4367;0
1.43093e+09;-74.2479;0
1.44093e+09;-74.0591;0
1.45093e+09;-73.8704;0
1.46093e+09;-73.6819;0
1.47093e+09;-73.4936;0
1.48093e+09;-73.3051;0
1.49093e+09;-73.1168;0
1.50093e+09;-72.9286;0
1.51092e+09;-72.7401;0
1.52092e+09;-72.5517;0
1.53092e+09;-72.3631;0
1.54092e+09;-72.1747;0
1.55092e+09;-71.9859;0
1.56092e+09;-71.797;0
1.57092e+09;-71.608;0
1.58092e+09;-71.4186;0
1.59092e+09;-71.229;0
1.60092e+09;-71.0391;0
1.61092e+09;-70.849;0
1.62092e+09;-70.6584;0
1.63092e+09;-70.4675;0
1.64092e+09;-70.2762;0
1.65092e+09;-70.0844;0
1.66092e+09;-69.892;0
1.67092e+09;-69.6991;0
1.68092e+09;-69.5058;0
1.69092e+09;-69.3118;0
1.70092e+09;-69.1171;0
1.71091e+09;-68.9218;0
1.72091e+09;-68.7257;0
1.73091e+09;-68.5287;0
1.74091e+09;-68.3311;0
1.75091e+09;-68.1325;0
1.76091e+09;-67.933;0
1.77091e+09;-67.7325;0
1.78091e+09;-67.5311;0
1.79091e+09;-67.3286;0
1.80091e+09;-67.1249;0
1.81091e+09;-66.9201;0
1.82091e+09;-66.714;0
1.83091e+09;-66.5067;0
1.84091e+09;-66.2978;0
1.85091e+09;-66.0877;0
1.86091e+09;-65.876;0
1.87091e+09;-65.6628;0
1.88091e+09;-65.448;0
1.89091e+09;-65.2314;0
1.90091e+09;-65.013;0
1.9109e+09;-64.7928;0
1.9209e+09;-64.5707;0
1.9309e+09;-64.3465;0
1.9409e+09;-64.1201;0
1.9509e+09;-63.8917;0
1.9609e+09;-63.6608;0
1.9709e+09;-63.4274;0
1.9809e+09;-63.1916;0
1.9909e+09;-62.9533;0
2.0009e+09;-62.7119;0
2.0109e+09;-62.4678;0
2.0209e+09;-62.2208;0
2.0309e+09;-61.9705;0
2.0409e+09;-61.7168;0
2.0509e+09;-61.4597;0
2.0609e+09;-61.1992;0
2.0709e+09;-60.9348;0
2.0809e+09;-60.6665;0
2.0909e+09;-60.3942;0
2.1009e+09;-60.1176;0
2.11089e+09;-59.8365;0
2.12089e+09;-59.5508;0
2.13089e+09;-59.2601;0
2.14089e+09;-58.9645;0
2.15089e+09;-58.6635;0
2.16089e+09;-58.357;0
2.17089e+09;-58.0448;0
2.18089e+09;-57.7267;0
2.19089e+09;-57.4023;0
2.20089e+09;-57.0715;0
2.21089e+09;-56.7341;0
2.22089e+09;-56.3898;0
2.23089e+09;-56.0385;0
2.24089e+09;-55.6801;0
2.25089e+09;-55.3144;0
2.26089e+09;-54.9413;0
2.27089e+09;-54.561;0
2.28089e+09;-54.1735;0
2.29089e+09;-53.7791;0
2.30089e+09;-53.3785;0
2.31088e+09;-52.972;0
2.32088e+09;-52.5609;0
2.33088e+09;-52.1466;0
2.34088e+09;-51.7309;0
2.35088e+09;-51.3162;0
2.36088e+09;-50.9058;0
2.37088e+09;-50.5035;0
2.38088e+09;-50.1141;0
2.39088e+09;-49.7434;0
2.40088e+09;-49.398;0
2.41088e+09;-49.0851;0
2.42088e+09;-48.8121;0
2.43088e+09;-48.5865;0
2.44088e+09;-48.4147;0
2.45088e+09;-48.3018;0
2.46088e+09;-48.2504;0
2.47088e+09;-48.2609;0
2.48088e+09;-48.331;0
2.49088e+09;-48.4561;0
2.50088e+09;-48.6301;0
2.51087e+09;-48.8455;0
2.52087e+09;-49.0949;0
2.53087e+09;-49.3711;0
2.54087e+09;-49.6671;0
2.55087e+09;-49.9772;0
2.56087e+09;-50.2963;0
2.57087e+09;-50.6203;0
2.58087e+09;-50.9459;0
2.59087e+09;-51.2705;0
2.60087e+09;-51.5921;0
2.61087e+09;-51.9091;0
2.62087e+09;-52.2206;0
2.63087e+09;-52.5257;0
2.64087e+09;-52.8238;0
2.65087e+09;-53.1148;0
2.66087e+09;-53.3984;0
2.67087e+09;-53.6745;0
2.68087e+09;-53.9431;0
2.69087e+09;-54.2044;0
2.70087e+09;-54.4585;0
2.71086e+09;-54.7055;0
2.72086e+09;-54.9457;0
2.73086e+09;-55.1792;0
2.74086e+09;-55.4063;0
2.75086e+09;-55.6272;0
2.76086e+09;-55.8421;0
2.77086e+09;-56.0513;0
2.78086e+09;-56.2548;0
2.79086e+09;-56.4531;0
2.80086e+09;-56.6461;0
2.81086e+09;-56.8342;0
2.82086e+09;-57.0177;0
2.83086e+09;-57.1965;0
2.84086e+09;-57.371;0
2.85086e+09;-57.5412;0
2.86086e+09;-57.7074;0
2.87086e+09;-57.8695;0
2.88086e+09;-58.0279;0
2.89086e+09;-58.1829;0
2.90086e+09;-58.3343;0
2.91085e+09;-58.4823;0
2.92085e+09;-58.6271;0
2.93085e+09;-58.7688;0
2.94085e+09;-58.9073;0
2.95085e+09;-59.0431;0
2.96085e+09;-59.1761;0
2.97085e+09;-59.3063;0
2.98085e+09;-59.434;0
2.99085e+09;-59.5591;0
3.00085e+09;-59.6818;0
3.01085e+09;-59.802;0
3.02085e+09;-59.92;0
3.03085e+09;-60.0358;0
3.04085e+09;-60.1495;0
3.05085e+09;-60.2612;0
3.06085e+09;-60.3708;0
3.07085e+09;-60.4784;0
3.08085e+09;-60.5841;0
3.09085e+09;-60.688;0
3.10085e+09;-60.7902;0
3.11084e+09;-60.8907;0
3.12084e+09;-60.9894;0
3.13084e+09;-61.0866;0
3.14084e+09;-61.182;0
3.15084e+09;-61.276;0
3.16084e+09;-61.3686;0
3.17084e+09;-61.4597;0
3.18084e+09;-61.5494;0
3.19084e+09;-61.6377;0
3.20084e+09;-61.7247;0
3.21084e+09;-61.8102;0
3.22084e+09;-61.8946;0
3.23084e+09;-61.9778;0
3.24084e+09;-62.0598;0
3.25084e+09;-62.1406;0
3.26084e+09;-62.2203;0
3.27084e+09;-62.2988;0
3.28084e+09;-62.3761;0
3.29084e+09;-62.4525;0
3.30084e+09;-62.5278;0
3.31083e+09;-62.6022;0
3.32083e+09;-62.6756;0
3.33083e+09;-62.7478;0
3.34083e+09;-62.8195;0
3.35083e+09;-62.8896;0
3.36083e+09;-62.9594;0
3.37083e+09;-63.028;0
3.38083e+09;-63.0961;0
3.39083e+09;-63.1632;0
3.40083e+09;-63.2294;0
3.41083e+09;-63.2949;0
3.42083e+09;-63.3593;0
3.43083e+09;-63.4232;0
3.44083e+09;-63.4864;0
3.45083e+09;-63.5488;0
3.46083e+09;-63.6104;0
3.47083e+09;-63.6714;0
3.48083e+09;-63.7317;0
3.49083e+09;-63.791;0
3.50083e+09;-63.8498;0
3.51082e+09;-63.9083;0
3.52082e+09;-63.9659;0
3.53082e+09;-64.0229;0
3.54082e+09;-64.0793;0
3.55082e+09;-64.1351;0
3.56082e+09;-64.19;0
3.57082e+09;-64.2447;0
3.58082e+09;-64.2987;0
3.59082e+09;-64.3522;0
3.60082e+09;-64.4051;0
3.61082e+09;-64.4575;0
3.62082e+09;-64.5094;0
3.63082e+09;-64.5605;0
3.64082e+09;-64.6113;0
3.65082e+09;-64.6617;0
3.66082e+09;-64.7115;0
3.67082e+09;-64.7609;0
3.68082e+09;-64.8098;0
3.69082e+09;-64.8582;0
3.70082e+09;-64.9059;0
3.71081e+09;-64.9534;0
3.72081e+09;-65.0004;0
3.73081e+09;-65.0471;0
3.74081e+09;-65.0932;0
3.75081e+09;-65.139;0
3.76081e+09;-65.1844;0
3.77081e+09;-65.229;0
3.78081e+09;-65.2736;0
3.79081e+09;-65.3177;0
3.80081e+09;-65.3612;0
3.81081e+09;-65.4048;0
3.82081e+09;-65.4478;0
3.83081e+09;-65.4904;0
3.84081e+09;-65.5324;0
3.85081e+09;-65.5743;0
3.86081e+09;-65.6158;0
3.87081e+09;-65.657;0
3.88081e+09;-65.6978;0
3.89081e+09;-65.7383;0
3.90081e+09;-65.7785;0
3.9108e+09;-65.818;0
3.9208e+09;-65.8575;0
3.9308e+09;-65.8967;0
3.9408e+09;-65.9353;0
3.9508e+09;-65.9741;0
3.9608e+09;-66.0123;0
3.9708e+09;-66.0503;0
3.9808e+09;-66.0877;0
3.9908e+09;-66.125;0
4.0008e+09;-66.1618;0
4.0108e+09;-66.1988;0
4.0208e+09;-66.2353;0
4.0308e+09;-66.2715;0
4.0408e+09;-66.3074;0
4.0508e+09;-66.3428;0
4.0608e+09;-66.3782;0
4.0708e+09;-66.4133;0
4.0808e+09;-66.4481;0
4.0908e+09;-66.4827;0
4.1008e+09;-66.5171;0
4.11079e+09;-66.5509;0
4.12079e+09;-66.5845;0
4.13079e+09;-66.618;0
4.14079e+09;-66.6516;0
4.15079e+09;-66.6848;0
4.16079e+09;-66.7176;0
4.17079e+09;-66.7503;0
4.18079e+09;-66.7824;0
4.19079e+09;-66.8146;0
4.20079e+09;-66.8465;0
4.21079e+09;-66.8783;0
4.22079e+09;-66.9098;0
4.23079e+09;-66.9411;0
4.24079e+09;-66.9721;0
4.25079e+09;-67.0027;0
4.26079e+09;-67.0334;0
4.27079e+09;-67.0638;0
4.28079e+09;-67.0941;0
4.29079e+09;-67.1241;0
4.30079e+09;-67.1539;0
4.31078e+09;-67.1836;0
4.32078e+09;-67.2125;0
4.33078e+09;-67.242;0
4.34078e+09;-67.271;0
4.35078e+09;-67.2996;0
4.36078e+09;-67.3286;0
4.37078e+09;-67.3571;0
4.38078e+09;-67.3854;0
4.39078e+09;-67.4132;0
4.40078e+09;-67.4409;0
4.41078e+09;-67.4689;0
4.42078e+09;-67.4965;0
4.43078e+09;-67.5239;0
4.44078e+09;-67.5512;0
4.45078e+09;-67.5782;0
4.46078e+09;-67.6049;0
4.47078e+09;-67.6316;0
4.48078e+09;-67.6579;0
4.49078e+09;-67.6843;0
4.50078e+09;-67.7108;0
4.51077e+09;-67.7369;0
4.52077e+09;-67.7628;0
4.53077e+09;-67.7883;0
4.54077e+09;-67.8139;0
4.55077e+09;-67.8394;0
4.56077e+09;-67.8644;0
4.57077e+09;-67.8898;0
4.58077e+09;-67.9148;0
4.59077e+09;-67.9397;0
4.60077e+09;-67.9638;0
4.61077e+09;-67.9886;0
4.62077e+09;-68.0128;0
4.63077e+09;-68.0373;0
4.64077e+09;-68.0614;0
4.65077e+09;-68.0854;0
4.66077e+09;-68.1093;0
4.67077e+09;-68.1327;0
4.68077e+09;-68.1563;0
4.69077e+09;-68.1797;0
4.70077e+09;-68.203;0
4.71076e+09;-68.2262;0
4.72076e+09;-68.2492;0
4.73076e+09;-68.2721;0
4.74076e+09;-68.2946;0
4.75076e+09;-68.3173;0
4.76076e+09;-68.3398;0
4.77076e+09;-68.3619;0
4.78076e+09;-68.3844;0
4.79076e+09;-68.4066;0
4.80076e+09;-68.4286;0
4.81076e+09;-68.4502;0
4.82076e+09;-68.4717;0
4.83076e+09;-68.4934;0
4.84076e+09;-68.5149;0
4.85076e+09;-68.5363;0
4.86076e+09;-68.5576;0
4.87076e+09;-68.5791;0
4.88076e+09;-68.5999;0
4.89076e+09;-68.6208;0
4.90076e+09;-68.6414;0
4.91075e+09;-68.6622;0
4.92075e+09;-68.683;0
4.93075e+09;-68.7035;0
4.94075e+09;-68.7237;0
4.95075e+09;-68.744;0
4.96075e+09;-68.7641;0
4.97075e+09;-68.7842;0
4.98075e+09;-68.8042;0
4.99075e+09;-68.824;0
5.00075e+09;-68.8438;0
5.01075e+09;-68.8632;0
5.02075e+09;-68.8827;0
5.03075e+09;-68.9019;0
5.04075e+09;-68.9215;0
5.05075e+09;-68.9408;0
5.06075e+09;-68.9599;0
5.07075e+09;-68.979;0
5.08075e+09;-68.9977;0
5.09075e+09;-69.0165;0
5.10075e+09;-69.0355;0
5.11074e+09;-69.0539;0
5.12074e+09;-69.0725;0
5.13074e+09;-69.0912;0
5.14074e+09;-69.1096;0
5.15074e+09;-69.1276;0
5.16074e+09;-69.1456;0
5.17074e+09;-69.1639;0
5.18074e+09;-69.1819;0
5.19074e+09;-69.1996;0
5.20074e+09;-69.2174;0
5.21074e+09;-69.2354;0
5.22074e+09;-69.2528;0
5.23074e+09;-69.2703;0
5.24074e+09;-69.2878;0
5.25074e+09;-69.3049;0
5.26074e+09;-69.3225;0
5.27074e+09;-69.3397;0
5.28074e+09;-69.3568;0
5.29074e+09;-69.3734;0
5.30074e+09;-69.3906;0
5.31073e+09;-69.4072;0
5.32073e+09;-69.4242;0
5.33073e+09;-69.4409;0
5.34073e+09;-69.4576;0
5.35073e+09;-69.4739;0
5.36073e+09;-69.4903;0
5.37073e+09;-69.5067;0
5.38073e+09;-69.5228;0
5.39073e+09;-69.5392;0
5.40073e+09;-69.5554;0
5.41073e+09;-69.5715;0
5.42073e+09;-69.5875;0
5.43073e+09;-69.6031;0
5.44073e+09;-69.619;0
5.45073e+09;-69.6347;0
5.46073e+09;-69.6504;0
5.47073e+09;-69.6658;0
5.48073e+09;-69.6811;0
5.49073e+09;-69.6968;0
5.50073e+09;-69.712;0
5.51072e+09;-69.7275;0
5.52072e+09;-69.7425;0
5.53072e+09;-69.7575;0
5.54072e+09;-69.7728;0
5.55072e+09;-69.7876;0
5.56072e+09;-69.8028;0
5.57072e+09;-69.8175;0
5.58072e+09;-69.8325;0
5.59072e+09;-69.8471;0
5.60072e+09;-69.8615;0
5.61072e+09;-69.8764;0
5.62072e+09;-69.8907;0
5.63072e+09;-69.9054;0
5.64072e+09;-69.9196;0
5.65072e+09;-69.9342;0
5.66072e+09;-69.9482;0
5.67072e+09;-69.9622;0
5.68072e+09;-69.9766;0
5.69072e+09;-69.9904;0
5.70072e+09;-70.0042;0
5.71071e+09;-70.0184;0
5.72071e+09;-70.0325;0
5.73071e+09;-70.0461;0
5.74071e+09;-70.0597;0
5.75071e+09;-70.0736;0
5.76071e+09;-70.087;0
5.77071e+09;-70.1008;0
5.78071e+09;-70.1141;0
5.79071e+09;-70.1278;0
5.80071e+09;-70.1405;0
5.81071e+09;-70.1541;0
5.82071e+09;-70.1676;0
5.83071e+09;-70.1806;0
5.84071e+09;-70.1939;0
5.85071e+09;-70.2068;0
5.86071e+09;-70.2201;0
5.87071e+09;-70.2328;0
5.88071e+09;-70.2455;0
5.89071e+09;-70.2586;0
5.90071e+09;-70.2712;0
5.9107e+09;-70.2842;0
5.9207e+09;-70.2967;0
5.9307e+09;-70.3095;0
5.9407e+09;-70.3219;0
5.9507e+09;-70.3342;0
5.9607e+09;-70.3469;0
5.9707e+09;-70.3591;0
5.9807e+09;-70.3716;0
5.9907e+09;-70.3837;0
6.0007e+09;-70.3962;0
6.0107e+09;-70.4082;0
6.0207e+09;-70.4201;0
6.0307e+09;-70.4324;0
6.0407e+09;-70.4442;0
6.0507e+09;-70.456;0
6.0607e+09;-70.4682;0
6.0707e+09;-70.4803;0
6.0807e+09;-70.4919;0
6.0907e+09;-70.5035;0
6.1007e+09;-70.5154;0
6.11069e+09;-70.5269;0
6.12069e+09;-70.5387;0
6.13069e+09;-70.5501;0
6.14069e+09;-70.5618;0
6.15069e+09;-70.5727;0
6.16069e+09;-70.5843;0
6.17069e+09;-70.5959;0
6.18069e+09;-70.607;0
6.19069e+09;-70.6185;0
6.20069e+09;-70.6295;0
6.21069e+09;-70.6409;0
6.22069e+09;-70.6519;0
6.23069e+09;-70.6628;0
6.24069e+09;-70.674;0
6.25069e+09;-70.6848;0
6.26069e+09;-70.696;0
6.27069e+09;-70.7067;0
6.28069e+09;-70.7177;0
6.29069e+09;-70.7284;0
6.30069e+09;-70.7389;0
6.31068e+09;-70.7498;0
6.32068e+09;-70.7603;0
6.33068e+09;-70.7712;0
6.34068e+09;-70.7816;0
6.35068e+09;-70.7923;0
6.36068e+09;-70.8026;0
6.37068e+09;-70.8129;0
6.38068e+09;-70.8235;0
6.39068e+09;-70.8337;0
6.40068e+09;-70.8442;0
6.41068e+09;-70.8543;0
6.42068e+09;-70.8651;0
6.43068e+09;-70.8747;0
6.44068e+09;-70.8851;0
6.45068e+09;-70.8954;0
6.46068e+09;-70.9053;0
6.47068e+09;-70.9155;0
6.48068e+09;-70.9253;0
6.49068e+09;-70.9351;0
6.50068e+09;-70.9452;0
6.51067e+09;-70.9549;0
6.52067e+09;-70.9649;0
6.53067e+09;-70.9745;0
6.54067e+09;-70.9845;0
6.55067e+09;-70.994;0
6.56067e+09;-71.0039;0
6.57067e+09;-71.0133;0
6.58067e+09;-71.0228;0
6.59067e+09;-71.0325;0
6.60067e+09;-71.0419;0
6.61067e+09;-71.0515;0
6.62067e+09;-71.0608;0
6.63067e+09;-71.07;0
6.64067e+09;-71.0792;0
6.65067e+09;-71.0888;0
6.66067e+09;-71.0982;0
6.67067e+09;-71.1073;0
6.68067e+09;-71.1167;0
6.69067e+09;-71.1258;0
6.70067e+09;-71.1351;0
6.71066e+09;-71.144;0
6.72066e+09;-71.153;0
6.73066e+09;-71.1622;0
6.74066e+09;-71.171;0
6.75066e+09;-71.1802;0
6.76066e+09;-71.189;0
6.77066e+09;-71.1981;0
6.78066e+09;-71.2068;0
6.79066e+09;-71.2155;0
6.80066e+09;-71.2244;0
6.81066e+09;-71.2331;0
6.82066e+09;-71.242;0
6.83066e+09;-71.2505;0
6.84066e+09;-71.2594;0
6.85066e+09;-71.2679;0
6.86066e+09;-71.2763;0
6.87066e+09;-71.2851;0
6.88066e+09;-71.2935;0
6.89066e+09;-71.3022;0
6.90066e+09;-71.3105;0
6.91065e+09;-71.3191;0
6.92065e+09;-71.3274;0
6.93065e+09;-71.3353;0
6.94065e+09;-71.3441;0
6.95065e+09;-71.3523;0
6.96065e+09;-71.3608;0
6.97065e+09;-71.3689;0
6.98065e+09;-71.3773;0
6.99065e+09;-71.3851;0
7.00065e+09;-71.3934;0
7.01065e+09;-71.4017;0
7.02065e+09;-71.4097;0
7.03065e+09;-71.418;0
7.04065e+09;-71.4259;0
7.05065e+09;-71.4341;0
7.06065e+09;-71.442;0
7.07065e+09;-71.4498;0
7.08065e+09;-71.4579;0
7.09065e+09;-71.4657;0
7.10065e+09;-71.4738;0
7.11064e+09;-71.4815;0
7.12064e+09;-71.4892;0
7.13064e+09;-71.4972;0
7.14064e+09;-71.5045;0
7.15064e+09;-71.5128;0
7.16064e+09;-71.5204;0
7.17064e+09;-71.5283;0
7.18064e+09;-71.5358;0
7.19064e+09;-71.543;0
7.20064e+09;-71.5511;0
7.21064e+09;-71.5586;0
7.22064e+09;-71.5664;0
7.23064e+09;-71.5738;0
7.24064e+09;-71.5815;0
7.25064e+09;-71.5889;0
7.26064e+09;-71.5962;0
7.27064e+09;-71.6039;0
7.28064e+09;-71.6112;0
7.29064e+09;-71.6188;0
7.30064e+09;-71.626;0
7.31063e+09;-71.6333;0
7.32063e+09;-71.6405;0
7.33063e+09;-71.648;0
7.34063e+09;-71.6554;0
7.35063e+09;-71.6623;0
7.36063e+09;-71.67;0
7.37063e+09;-71.6771;0
7.38063e+09;-71.6845;0
7.39063e+09;-71.6916;0
7.40063e+09;-71.6986;0
7.41063e+09;-71.7059;0
7.42063e+09;-71.7129;0
7.43063e+09;-71.7202;0
7.44063e+09;-71.7269;0
7.45063e+09;-71.7344;0
7.46063e+09;-71.7413;0
7.47063e+09;-71.7482;0
7.48063e+09;-71.7554;0
7.49063e+09;-71.7623;0
7.50063e+09;-71.7694;0
7.51062e+09;-71.7762;0
7.52062e+09;-71.7833;0
7.53062e+09;-71.7901;0
7.54062e+09;-71.7969;0
7.55062e+09;-71.8039;0
7.56062e+09;-71.8107;0
7.57062e+09;-71.8177;0
7.58062e+09;-71.8241;0
7.59062e+09;-71.8313;0
7.60062e+09;-71.8378;0
7.61062e+09;-71.8447;0
7.62062e+09;-71.8516;0
7.63062e+09;-71.8582;0
7.64062e+09;-71.8651;0
7.65062e+09;-71.8717;0
7.66062e+09;-71.8785;0
7.67062e+09;-71.8851;0
7.68062e+09;-71.8917;0
7.69062e+09;-71.8984;0
7.70062e+09;-71.905;0
7.71061e+09;-71.9117;0
7.72061e+09;-71.9182;0
7.73061e+09;-71.925;0
7.74061e+09;-71.9314;0
7.75061e+09;-71.9379;0
7.76061e+09;-71.9446;0
7.77061e+09;-71.951;0
7.78061e+09;-71.9576;0
7.79061e+09;-71.964;0
7.80061e+09;-71.9704;0
7.81061e+09;-71.9771;0
7.82061e+09;-71.9834;0
7.83061e+09;-71.99;0
7.84061e+09;-71.9963;0
7.85061e+09;-72.0029;0
7.86061e+09;-72.0092;0
7.87061e+09;-72.0155;0
7.88061e+09;-72.0221;0
7.89061e+09;-72.0283;0
7.90061e+09;-72.0349;0
7.9106e+09;-72.0411;0
7.9206e+09;-72.0476;0
7.9306e+09;-72.0538;0
7.9406e+09;-72.0603;0
7.9506e+09;-72.0663;0
7.9606e+09;-72.0727;0
7.9706e+09;-72.0792;0
7.9806e+09;-72.0854;0
7.9906e+09;-72.0918;0
8.0006e+09;-72.098;0
8.0106e+09;-72.1044;0
8.0206e+09;-72.1105;0
8.0306e+09;-72.1167;0
8.0406e+09;-72.1228;0
8.0506e+09;-72.1292;0
8.0606e+09;-72.1355;0
8.0706e+09;-72.1414;0
8.0806e+09;-72.1478;0
8.0906e+09;-72.1539;0
8.1006e+09;-72.16;0
8.11059e+09;-72.1665;0
8.12059e+09;-72.1726;0
8.13059e+09;-72.1789;0
8.14059e+09;-72.185;0
8.15059e+09;-72.1913;0
8.16059e+09;-72.1971;0
8.17059e+09;-72.2032;0
8.18059e+09;-72.2095;0
8.19059e+09;-72.2157;0
8.20059e+09;-72.222;0
8.21059e+09;-72.228;0
8.22059e+09;-72.2341;0
8.23059e+09;-72.2403;0
8.24059e+09;-72.2464;0
8.25059e+09;-72.2526;0
8.26059e+09;-72.2586;0
8.27059e+09;-72.2647;0
8.28059e+09;-72.2709;0
8.29059e+09;-72.2771;0
8.30059e+09;-72.2831;0
8.31058e+09;-72.2891;0
8.32058e+09;-72.2954;0
8.33058e+09;-72.3014;0
8.34058e+09;-72.3076;0
8.35058e+09;-72.3136;0
8.36058e+09;-72.3196;0
8.37058e+09;-72.3258;0
8.38058e+09;-72.3318;0
8.39058e+09;-72.338;0
8.40058e+09;-72.344;0
8.41058e+09;-72.35;0
8.42058e+09;-72.3563;0
8.43058e+09;-72.3625;0
8.44058e+09;-72.3685;0
8.45058e+09;-72.3745;0
8.46058e+09;-72.3807;0
8.47058e+09;-72.3867;0
8.48058e+09;-72.3929;0
8.49058e+09;-72.3989;0
8.50058e+09;-72.4051;0
8.51057e+09;-72.4112;0
8.52057e+09;-72.4172;0
8.53057e+09;-72.4234;0
8.54057e+09;-72.4294;0
8.55057e+09;-72.4357;0
8.56057e+09;-72.4417;0
8.57057e+09;-72.4479;0
8.58057e+09;-72.454;0
8.59057e+09;-72.46;0
8.60057e+09;-72.4661;0
8.61057e+09;-72.4723;0
8.62057e+09;-72.4786;0
8.63057e+09;-72.4846;0
8.64057e+09;-72.4907;0
8.65057e+09;-72.497;0
8.66057e+09;-72.503;0
8.67057e+09;-72.5093;0
8.68057e+09;-72.5152;0
8.69057e+09;-72.5217;0
8.70057e+09;-72.5278;0
8.71056e+09;-72.5341;0
8.72056e+09;-72.5402;0
8.73056e+09;-72.5464;0
8.74056e+09;-72.5527;0
8.75056e+09;-72.5588;0
8.76056e+09;-72.5652;0
8.77056e+09;-72.5713;0
8.78056e+09;-72.5777;0
8.79056e+09;-72.5839;0
8.80056e+09;-72.59;0
8.81056e+09;-72.5964;0
8.82056e+09;-72.6026;0
8.83056e+09;-72.609;0
8.84056e+09;-72.6153;0
8.85056e+09;-72.6215;0
8.86056e+09;-72.6279;0
8.87056e+09;-72.6342;0
8.88056e+09;-72.6404;0
8.89056e+09;-72.6469;0
8.90056e+09;-72.6534;0
8.91055e+09;-72.6597;0
8.92055e+09;-72.6658;0
8.93055e+09;-72.6725;0
8.94055e+09;-72.6788;0
8.95055e+09;-72.6853;0
8.96055e+09;-72.6917;0
8.97055e+09;-72.6983;0
8.98055e+09;-72.7047;0
8.99055e+09;-72.7109;0
9.00055e+09;-72.7176;0
9.01055e+09;-72.7241;0
9.02055e+09;-72.7307;0
9.03055e+09;-72.7372;0
9.04055e+09;-72.7438;0
9.05055e+09;-72.7501;0
9.06055e+09;-72.7566;0
9.07055e+09;-72.7635;0
9.08055e+09;-72.77;0
9.09055e+09;-72.7767;0
9.10055e+09;-72.7831;0
9.11054e+09;-72.7901;0
9.12054e+09;-72.7967;0
9.13054e+09;-72.8033;0
9.14054e+09;-72.8101;0
9.15054e+09;-72.8167;0
9.16054e+09;-72.8236;0
9.17054e+09;-72.8302;0
9.18054e+09;-72.837;0
9.19054e+09;-72.8437;0
9.20054e+09;-72.8506;0
9.21054e+09;-72.8575;0
9.22054e+09;-72.8643;0
9.23054e+09;-72.8712;0
9.24054e+09;-72.8781;0
9.25054e+09;-72.8851;0
9.26054e+09;-72.8921;0
9.27054e+09;-72.899;0
9.28054e+09;-72.906;0
9.29054e+09;-72.9129;0
9.30054e+09;-72.92;0
9.31053e+09;-72.927;0
9.32053e+09;-72.9341;0
9.33053e+09;-72.9411;0
9.34053e+09;-72.9482;0
9.35053e+09;-72.9554;0
9.36053e+09;-72.9624;0
9.37053e+09;-72.9697;0
9.38053e+09;-72.9768;0
9.39053e+09;-72.9841;0
9.40053e+09;-72.9911;0
9.41053e+09;-72.9984;0
9.42053e+09;-73.0056;0
9.43053e+09;-73.013;0
9.44053e+09;-73.0204;0
9.45053e+09;-73.0277;0
9.46053e+09;-73.0352;0
9.47053e+09;-73.0425;0
9.48053e+09;-73.0498;0
9.49053e+09;-73.0574;0
9.50053e+09;-73.0648;0
9.51052e+09;-73.0724;0
9.52052e+09;-73.0797;0
9.53052e+09;-73.0875;0
9.54052e+09;-73.095;0
9.55052e+09;-73.1025;0
9.56052e+09;-73.1101;0
9.57052e+09;-73.1178;0
9.58052e+09;-73.1256;0
9.59052e+09;-73.1332;0
9.60052e+09;-73.141;0
9.61052e+09;-73.1487;0
9.62052e+09;-73.1565;0
9.63052e+09;-73.1644;0
9.64052e+09;-73.1722;0
9.65052e+09;-73.1801;0
9.66052e+09;-73.188;0
9.67052e+09;-73.196;0
9.68052e+09;-73.2039;0
9.69052e+09;-73.2118;0
9.70052e+09;-73.2199;0
9.71051e+09;-73.2279;0
9.72051e+09;-73.236;0
9.73051e+09;-73.2441;0
9.74051e+09;-73.2524;0
9.75051e+09;-73.2605;0
9.76051e+09;-73.2686;0
9.77051e+09;-73.277;0
9.78051e+09;-73.2852;0
9.79051e+09;-73.2936;0
9.80051e+09;-73.3018;0
9.81051e+09;-73.3103;0
9.82051e+09;-73.3186;0
9.83051e+09;-73.327;0
9.84051e+09;-73.3356;0
9.85051e+09;-73.344;0
9.86051e+09;-73.3525;0
9.87051e+09;-73.3611;0
9.88051e+09;-73.3698;0
9.89051e+09;-73.3782;0
9.90051e+09;-73.3869;0
9.9105e+09;-73.3958;0
9.9205e+09;-73.4044;0
9.9305e+09;-73.4133;0
9.9405e+09;-73.422;0
9.9505e+09;-73.431;0
9.9605e+09;-73.4398;0
9.9705e+09;-73.4485;0
9.9805e+09;-73.4577;0
9.9905e+09;-73.4665;0
1.00005e+10;-73.4756;0
1.00105e+10;-73.4847;0
1.00205e+10;-73.4939;0
1.00305e+10;-73.5029;0
1.00405e+10;-73.5121;0
1.00505e+10;-73.5213;0
1.00605e+10;-73.5305;0
1.00705e+10;-73.5399;0
1.00805e+10;-73.5491;0
1.00905e+10;-73.5586;0
1.01005e+10;-73.5679;0
1.01105e+10;-73.5773;0
1.01205e+10;-73.5868;0
1.01305e+10;-73.5963;0
1.01405e+10;-73.6059;0
1.01505e+10;-73.6155;0
1.01605e+10;-73.625;0
1.01705e+10;-73.6348;0
1.01805e+10;-73.6444;0
1.01905e+10;-73.6542;0
1.02005e+10;-73.6639;0
1.02105e+10;-73.6739;0
1.02205e+10;-73.6837;0
1.02305e+10;-73.6937;0
1.02405e+10;-73.7036;0
1.02505e+10;-73.7135;0
1.02605e+10;-73.7236;0
1.02705e+10;-73.7335;0
1.02805e+10;-73.7438;0
1.02905e+10;-73.7539;0
1.03005e+10;-73.7641;0
1.03105e+10;-73.7743;0
1.03205e+10;-73.7846;0
1.03305e+10;-73.7949;0
1.03405e+10;-73.8053;0
1.03505e+10;-73.8157;0
1.03605e+10;-73.8261;0
1.03705e+10;-73.8367;0
1.03805e+10;-73.8471;0
1.03905e+10;-73.8576;0
1.04005e+10;-73.8684;0
1.04105e+10;-73.879;0
1.04205e+10;-73.8898;0
1.04305e+10;-73.9005;0
1.04405e+10;-73.9113;0
1.04505e+10;-73.9221;0
1.04605e+10;-73.9329;0
1.04705e+10;-73.9439;0
1.04805e+10;-73.9548;0
1.04905e+10;-73.9659;0
1.05005e+10;-73.9768;0
1.05105e+10;-73.9881;0
1.05205e+10;-73.9992;0
1.05305e+10;-74.0103;0
1.05405e+10;-74.0215;0
1.05505e+10;-74.0328;0
1.05605e+10;-74.0442;0
1.05705e+10;-74.0555;0
1.05805e+10;-74.0669;0
1.05905e+10;-74.0784;0
1.06005e+10;-74.0899;0
1.06105e+10;-74.1014;0
1.06205e+10;-74.113;0
1.06305e+10;-74.1247;0
1.06405e+10;-74.1364;0
1.06505e+10;-74.1481;0
1.06605e+10;-74.1598;0
1.06705e+10;-74.1717;0
1.06805e+10;-74.1836;0
1.06905e+10;-74.1955;0
1.07005e+10;-74.2074;0
1.07105e+10;-74.2195;0
1.07205e+10;-74.2315;0
1.07305e+10;-74.2437;0
1.07405e+10;-74.2557;0
1.07505e+10;-74.268;0
1.07605e+10;-74.2802;0
1.07705e+10;-74.2926;0
1.07805e+10;-74.3049;0
1.07905e+10;-74.3172;0
1.08005e+10;-74.3297;0
1.08105e+10;-74.3422;0
1.08205e+10;-74.3547;0
1.08305e+10;-74.3672;0
1.08405e+10;-74.3799;0
1.08505e+10;-74.3926;0
1.08605e+10;-74.4053;0
1.08705e+10;-74.4181;0
1.08805e+10;-74.4308;0
1.08905e+10;-74.4438;0
1.09005e+10;-74.4566;0
1.09105e+10;-74.4696;0
1.09205e+10;-74.4826;0
1.09305e+10;-74.4956;0
1.09405e+10;-74.5088;0
1.09505e+10;-74.522;0
1.09605e+10;-74.535;0
1.09705e+10;-74.5483;0
1.09805e+10;-74.5617;0
1.09905e+10;-74.575;0
1.10005e+10;-74.5883;0
1.10104e+10;-74.6018;0
1.10204e+10;-74.6153;0
1.10304e+10;-74.6288;0
1.10404e+10;-74.6424;0
1.10504e+10;-74.6561;0
1.10604e+10;-74.6698;0
1.10704e+10;-74.6834;0
1.10804e+10;-74.6972;0
1.10904e+10;-74.7111;0
1.11004e+10;-74.7248;0
1.11104e+10;-74.7388;0
1.11204e+10;-74.7528;0
1.11304e+10;-74.7669;0
1.11404e+10;-74.7808;0
1.11504e+10;-74.795;0
1.11604e+10;-74.8092;0
1.11704e+10;-74.8233;0
1.11804e+10;-74.8376;0
1.11904e+10;-74.8519;0
1.12004e+10;-74.8663;0
1.12104e+10;-74.8806;0
1.12204e+10;-74.8951;0
1.12304e+10;-74.9096;0
1.12404e+10;-74.9241;0
1.12504e+10;-74.9387;0
1.12604e+10;-74.9534;0
1.12704e+10;-74.9681;0
1.12804e+10;-74.9828;0
1.12904e+10;-74.9976;0
1.13004e+10;-75.0125;0
1.13104e+10;-75.0273;0
1.13204e+10;-75.0422;0
1.13304e+10;-75.0573;0
1.13404e+10;-75.0723;0
1.13504e+10;-75.0873;0
1.13604e+10;-75.1025;0
1.13704e+10;-75.1177;0
1.13804e+10;-75.1328;0
1.13904e+10;-75.1481;0
1.14004e+10;-75.1635;0
1.14104e+10;-75.1787;0
1.14204e+10;-75.1942;0
1.14304e+10;-75.2097;0
1.14404e+10;-75.2252;0
1.14504e+10;-75.2407;0
1.14604e+10;-75.2563;0
1.14704e+10;-75.272;0
1.14804e+10;-75.2876;0
1.14904e+10;-75.3034;0
1.15004e+10;-75.3192;0
1.15104e+10;-75.3351;0
1.15204e+10;-75.3509;0
1.15304e+10;-75.3668;0
1.15404e+10;-75.3828;0
1.15504e+10;-75.3988;0
1.15604e+10;-75.4149;0
1.15704e+10;-75.431;0
1.15804e+10;-75.4472;0
1.15904e+10;-75.4634;0
1.16004e+10;-75.4796;0
1.16104e+10;-75.496;0
1.16204e+10;-75.5123;0
1.16304e+10;-75.5287;0
1.16404e+10;-75.5451;0
1.16504e+10;-75.5616;0
1.16604e+10;-75.5781;0
1.16704e+10;-75.5947;0
1.16804e+10;-75.6114;0
1.16904e+10;-75.628;0
1.17004e+10;-75.6448;0
1.17104e+10;-75.6615;0
1.17204e+10;-75.6783;0
1.17304e+10;-75.6952;0
1.17404e+10;-75.7121;0
1.17504e+10;-75.729;0
1.17604e+10;-75.746;0
1.17704e+10;-75.763;0
1.17804e+10;-75.7801;0
1.17904e+10;-75.7972;0
1.18004e+10;-75.8143;0
1.18104e+10;-75.8316;0
1.18204e+10;-75.8488;0
1.18304e+10;-75.8661;0
1.18404e+10;-75.8834;0
1.18504e+10;-75.9008;0
1.18604e+10;-75.9183;0
1.18704e+10;-75.9357;0
1.18804e+10;-75.9532;0
1.18904e+10;-75.9708;0
1.19004e+10;-75.9884;0
1.19104e+10;-76.006;0
1.19204e+10;-76.0237;0
1.19304e+10;-76.0414;0
1.19404e+10;-76.0592;0
1.19504e+10;-76.077;0
1.19604e+10;-76.0949;0
1.19704e+10;-76.1128;0
1.19804e+10;-76.1307;0
1.19904e+10;-76.1487;0
1.20004e+10;-76.1667;0
1.20104e+10;-76.1848;0
1.20204e+10;-76.2029;0
1.20304e+10;-76.221;0
1.20404e+10;-76.2392;0
1.20504e+10;-76.2574;0
1.20604e+10;-76.2757;0
1.20704e+10;-76.294;0
1.20804e+10;-76.3124;0
1.20904e+10;-76.3308;0
1.21004e+10;-76.3492;0
1.21104e+10;-76.3677;0
1.21204e+10;-76.3862;0
1.21304e+10;-76.4047;0
1.21404e+10;-76.4233;0
1.21504e+10;-76.442;0
1.21604e+10;-76.4606;0
1.21704e+10;-76.4793;0
1.21804e+10;-76.4981;0
1.21904e+10;-76.5169;0
1.22004e+10;-76.5357;0
1.22104e+10;-76.5546;0
1.22204e+10;-76.5735;0
1.22304e+10;-76.5924;0
1.22404e+10;-76.6114;0
1.22504e+10;-76.6305;0
1.22604e+10;-76.6495;0
1.22704e+10;-76.6686;0
1.22804e+10;-76.6877;0
1.22904e+10;-76.7069;0
1.23004e+10;-76.7261;0
1.23104e+10;-76.7454;0
1.23204e+10;-76.7647;0
1.23304e+10;-76.784;0
1.23404e+10;-76.8034;0
1.23504e+10;-76.8227;0
1.23604e+10;-76.8422;0
1.23704e+10;-76.8617;0
1.23804e+10;-76.8811;0
1.23904e+10;-76.9007;0
1.24004e+10;-76.9203;0
1.24104e+10;-76.9399;0
1.24204e+10;-76.9595;0
1.24304e+10;-76.9793;0
1.24404e+10;-76.999;0
1.24504e+10;-77.0187;0
1.24604e+10;-77.0385;0
1.24704e+10;-77.0583;0
1.24804e+10;-77.0782;0
1.24904e+10;-77.098;0
1.25004e+10;-77.118;0
1.25104e+10;-77.138;0
1.25204e+10;-77.1579;0
1.25304e+10;-77.178;0
1.25404e+10;-77.1981;0
1.25504e+10;-77.2181;0
1.25604e+10;-77.2382;0
1.25704e+10;-77.2585;0
1.25804e+10;-77.2786;0
1.25904e+10;-77.299;0
1.26004e+10;-77.3192;0
1.26104e+10;-77.3394;0
1.26204e+10;-77.3597;0
1.26304e+10;-77.38;0
1.26404e+10;-77.4005;0
1.26504e+10;-77.4209;0
1.26604e+10;-77.4415;0
1.26704e+10;-77.4619;0
1.26804e+10;-77.4824;0
1.26904e+10;-77.5029;0
1.27004e+10;-77.5234;0
1.27104e+10;-77.5441;0
1.27204e+10;-77.5647;0
1.27304e+10;-77.5853;0
1.27404e+10;-77.6062;0
1.27504e+10;-77.6268;0
1.27604e+10;-77.6476;0
1.27704e+10;-77.6683;0
1.27804e+10;-77.6892;0
1.27904e+10;-77.71;0
1.28004e+10;-77.7309;0
1.28104e+10;-77.7519;0
1.28204e+10;-77.7728;0
1.28304e+10;-77.7937;0
1.28404e+10;-77.8146;0
1.28504e+10;-77.8358;0
1.28604e+10;-77.8568;0
1.28704e+10;-77.8778;0
1.28804e+10;-77.899;0
1.28904e+10;-77.9201;0
1.29004e+10;-77.9412;0
1.29104e+10;-77.9623;0
1.29204e+10;-77.9837;0
1.29304e+10;-78.0051;0
1.29404e+10;-78.0261;0
1.29504e+10;-78.0475;0
1.29604e+10;-78.0688;0
1.29704e+10;-78.0901;0
1.29804e+10;-78.1114;0
1.29904e+10;-78.1329;0
1.30004e+10;-78.1543;0
1.30103e+10;-78.1757;0
1.30203e+10;-78.1973;0
1.30303e+10;-78.2188;0
1.30403e+10;-78.2402;0
1.30503e+10;-78.2617;0
1.30603e+10;-78.2837;0
1.30703e+10;-78.305;0
1.30803e+10;-78.3266;0
1.30903e+10;-78.3484;0
1.31003e+10;-78.37;0
1.31103e+10;-78.3916;0
1.31203e+10;-78.4133;0
1.31303e+10;-78.4352;0
1.31403e+10;-78.4569;0
1.31503e+10;-78.4789;0
1.31603e+10;-78.5006;0
1.31703e+10;-78.5224;0
1.31803e+10;-78.5442;0
1.31903e+10;-78.566;0
1.32003e+10;-78.5881;0
1.32103e+10;-78.6102;0
1.32203e+10;-78.6318;0
1.32303e+10;-78.654;0
1.32403e+10;-78.6759;0
1.32503e+10;-78.6979;0
1.32603e+10;-78.7198;0
1.32703e+10;-78.7421;0
1.32803e+10;-78.7641;0
1.32903e+10;-78.7861;0
1.33003e+10;-78.8085;0
1.33103e+10;-78.8305;0
1.33203e+10;-78.8526;0
1.33303e+10;-78.8747;0
1.33403e+10;-78.8971;0
1.33503e+10;-78.9193;0
1.33603e+10;-78.9415;0
1.33703e+10;-78.9639;0
1.33803e+10;-78.9862;0
1.33903e+10;-79.0084;0
1.34003e+10;-79.0306;0
1.34103e+10;-79.0532;0
1.34203e+10;-79.0758;0
1.34303e+10;-79.0981;0
1.34403e+10;-79.1204;0
1.34503e+10;-79.1428;0
1.34603e+10;-79.1651;0
1.34703e+10;-79.1875;0
1.34803e+10;-79.2102;0
1.34903e+10;-79.2326;0
1.35003e+10;-79.2554;0
1.35103e+10;-79.2782;0
1.35203e+10;-79.3003;0
1.35303e+10;-79.3228;0
1.35403e+10;-79.3453;0
1.35503e+10;-79.3681;0
1.35603e+10;-79.3906;0
1.35703e+10;-79.4132;0
1.35803e+10;-79.4365;0
1.35903e+10;-79.4587;0
1.36003e+10;-79.4817;0
1.36103e+10;-79.5039;0
1.36203e+10;-79.5269;0
1.36303e+10;-79.5495;0
1.36403e+10;-79.5722;0
1.36503e+10;-79.5952;0
1.36603e+10;-79.6179;0
1.36703e+10;-79.6406;0
1.36803e+10;-79.6634;0
1.36903e+10;-79.6869;0
1.37003e+10;-79.7092;0
1.37103e+10;-79.732;0
1.37203e+10;-79.7552;0
1.37303e+10;-79.778;0
1.37403e+10;-79.8008;0
1.37503e+10;-79.8236;0
1.37603e+10;-79.8468;0
1.37703e+10;-79.8697;0
1.37803e+10;-79.8925;0
1.37903e+10;-79.9158;0
1.38003e+10;-79.9387;0
1.38103e+10;-79.9616;0
1.38203e+10;-79.9846;0
1.38303e+10;-80.0079;0
1.38403e+10;-80.0309;0
1.38503e+10;-80.0538;0
1.38603e+10;-80.0768;0
1.38703e+10;-80.0998;0
1.38803e+10;-80.1228;0
1.38903e+10;-80.1462;0
1.39003e+10;-80.1692;0
1.39103e+10;-80.1923;0
1.39203e+10;-80.2153;0
1.39303e+10;-80.2388;0
1.39403e+10;-80.2619;0
1.39503e+10;-80.285;0
1.39603e+10;-80.3081;0
1.39703e+10;-80.3316;0
1.39803e+10;-80.3548;0
1.39903e+10;-80.3784;0
1.40003e+10;-80.4015;0
1.40103e+10;-80.4246;0
1.40203e+10;-80.4478;0
1.40303e+10;-80.471;0
1.40403e+10;-80.4946;0
1.40503e+10;-80.5178;0
1.40603e+10;-80.5411;0
1.40703e+10;-80.5648;0
1.40803e+10;-80.588;0
1.40903e+10;-80.6112;0
1.41003e+10;-80.6345;0
1.41103e+10;-80.6582;0
1.41203e+10;-80.6815;0
1.41303e+10;-80.7048;0
1.41403e+10;-80.7291;0
1.41503e+10;-80.7519;0
1.41603e+10;-80.7757;0
1.41703e+10;-80.7985;0
1.41803e+10;-80.8223;0
1.41903e+10;-80.8457;0
1.42003e+10;-80.869;0
1.42103e+10;-80.8929;0
1.42203e+10;-80.9163;0
1.42303e+10;-80.9397;0
1.42403e+10;-80.9631;0
1.42503e+10;-80.9875;0
1.42603e+10;-81.0104;0
1.42703e+10;-81.0338;0
1.42803e+10;-81.0578;0
1.42903e+10;-81.0817;0
1.43003e+10;-81.1046;0
1.43103e+10;-81.1281;0
1.43203e+10;-81.1521;0
1.43303e+10;-81.1755;0
1.43403e+10;-81.1996;0
1.43503e+10;-81.2236;0
1.43603e+10;-81.2465;0
1.43703e+10;-81.27;0
1.43803e+10;-81.2936;0
1.43903e+10;-81.3176;0
1.44003e+10;-81.3412;0
1.44103e+10;-81.3647;0
1.44203e+10;-81.3888;0
1.44303e+10;-81.4123;0
1.44403e+10;-81.4359;0
1.44503e+10;-81.4595;0
1.44603e+10;-81.4836;0
1.44703e+10;-81.5072;0
1.44803e+10;-81.5308;0
1.44903e+10;-81.5555;0
1.45003e+10;-81.5785;0
1.45103e+10;-81.6021;0
1.45203e+10;-81.6263;0
1.45303e+10;-81.65;0
1.45403e+10;-81.6736;0
1.45503e+10;-81.6972;0
1.45603e+10;-81.7215;0
1.45703e+10;-81.7451;0
1.45803e+10;-81.7694;0
1.45903e+10;-81.7924;0
1.46003e+10;-81.8167;0
1.46103e+10;-81.8404;0
1.46203e+10;-81.8647;0
1.46303e+10;-81.8883;0
1.46403e+10;-81.912;0
1.46503e+10;-81.9357;0
1.46603e+10;-81.9594;0
1.46703e+10;-81.9838;0
1.46803e+10;-82.0075;0
1.46903e+10;-82.0312;0
1.47003e+10;-82.0562;0
1.47103e+10;-82.0793;0
1.47203e+10;-82.103;0
1.47303e+10;-82.1268;0
1.47403e+10;-82.1512;0
1.47503e+10;-82.1749;0
1.47603e+10;-82.1987;0
1.47703e+10;-82.2231;0
1.47803e+10;-82.2475;0
1.47903e+10;-82.2706;0
1.48003e+10;-82.2944;0
1.48103e+10;-82.3189;0
1.48203e+10;-82.3433;0
1.48303e+10;-82.3664;0
1.48403e+10;-82.3909;0
1.48503e+10;-82.4147;0
1.48603e+10;-82.4392;0
1.48703e+10;-82.463;0
1.48803e+10;-82.4868;0
1.48903e+10;-82.5107;0
1.49003e+10;-82.5345;0
1.49103e+10;-82.559;0
1.49203e+10;-82.5828;0
1.49303e+10;-82.6067;0
1.49403e+10;-82.6312;0
1.49503e+10;-82.6551;0
1.49603e+10;-82.6789;0
1.49703e+10;-82.7028;0
1.49803e+10;-82.7274;0
1.49903e+10;-82.7512;0
1.50003e+10;-82.7751;0
1.50102e+10;-82.7997;0
1.50202e+10;-82.8236;0
1.50302e+10;-82.8475;0
1.50402e+10;-82.8713;0
1.50502e+10;-82.896;0
1.50602e+10;-82.9199;0
1.50702e+10;-82.9438;0
1.50802e+10;-82.9684;0
1.50902e+10;-82.9923;0
1.51002e+10;-83.0162;0
1.51102e+10;-83.0401;0
1.51202e+10;-83.0648;0
1.51302e+10;-83.0887;0
1.51402e+10;-83.1126;0
1.51502e+10;-83.1373;0
1.51602e+10;-83.1612;0
1.51702e+10;-83.1852;0
1.51802e+10;-83.2099;0
1.51902e+10;-83.2338;0
1.52002e+10;-83.2578;0
1.52102e+10;-83.2817;0
1.52202e+10;-83.3064;0
1.52302e+10;-83.3304;0
1.52402e+10;-83.3544;0
1.52502e+10;-83.3783;0
1.52602e+10;-83.4031;0
1.52702e+10;-83.427;0
1.52802e+10;-83.451;0
1.52902e+10;-83.4758;0
1.53002e+10;-83.4997;0
1.53102e+10;-83.5237;0
1.53202e+10;-83.5477;0
1.53302e+10;-83.5725;0
1.53402e+10;-83.5965;0
1.53502e+10;-83.6205;0
1.53602e+10;-83.6461;0
1.53702e+10;-83.6693;0
1.53802e+10;-83.6933;0
1.53902e+10;-83.7173;0
1.54002e+10;-83.7421;0
1.54102e+10;-83.7661;0
1.54202e+10;-83.7909;0
1.54302e+10;-83.815;0
1.54402e+10;-83.8398;0
1.54502e+10;-83.863;0
1.54602e+10;-83.887;0
1.54702e+10;-83.9127;0
1.54802e+10;-83.9359;0
1.54902e+10;-83.9599;0
1.55002e+10;-83.9848;0
1.55102e+10;-84.008;0
1.55202e+10;-84.0321;0
1.55302e+10;-84.0561;0
1.55402e+10;-84.081;0
1.55502e+10;-84.105;0
1.55602e+10;-84.1291;0
1.55702e+10;-84.154;0
1.55802e+10;-84.178;0
1.55902e+10;-84.2021;0
1.56002e+10;-84.2262;0
1.56102e+10;-84.2511;0
1.56202e+10;-84.2751;0
1.56302e+10;-84.2992;0
1.56402e+10;-84.3241;0
1.56502e+10;-84.3482;0
1.56602e+10;-84.3723;0
1.56702e+10;-84.3972;0
1.56802e+10;-84.4213;0
1.56902e+10;-84.4454;0
1.57002e+10;-84.4695;0
1.57102e+10;-84.4944;0
1.57202e+10;-84.5194;0
1.57302e+10;-84.5426;0
1.57402e+10;-84.5667;0
1.57502e+10;-84.5926;0
1.57602e+10;-84.6167;0
1.57702e+10;-84.6399;0
1.57802e+10;-84.6649;0
1.57902e+10;-84.689;0
1.58002e+10;-84.7131;0
1.58102e+10;-84.7372;0
1.58202e+10;-84.7622;0
1.58302e+10;-84.7863;0
1.58402e+10;-84.8104;0
1.58502e+10;-84.8355;0
1.58602e+10;-84.8596;0
1.58702e+10;-84.8837;0
1.58802e+10;-84.9078;0
1.58902e+10;-84.9329;0
1.59002e+10;-84.957;0
1.59102e+10;-84.9811;0
1.59202e+10;-85.0062;0
1.59302e+10;-85.0303;0
1.59402e+10;-85.0545;0
1.59502e+10;-85.0795;0
1.59602e+10;-85.1037;0
1.59702e+10;-85.1278;0
1.59802e+10;-85.1519;0
1.59902e+10;-85.177;0
1.60002e+10;-85.2012;0
1.60102e+10;-85.2253;0
1.60202e+10;-85.2495;0
1.60302e+10;-85.2755;0
1.60402e+10;-85.2987;0
1.60502e+10;-85.3229;0
1.60602e+10;-85.348;0
1.60702e+10;-85.3731;0
1.60802e+10;-85.3973;0
1.60902e+10;-85.4205;0
1.61002e+10;-85.4456;0
1.61102e+10;-85.4698;0
1.61202e+10;-85.494;0
1.61302e+10;-85.5191;0
1.61402e+10;-85.5433;0
1.61502e+10;-85.5685;0
1.61602e+10;-85.5917;0
1.61702e+10;-85.6168;0
1.61802e+10;-85.641;0
1.61902e+10;-85.6652;0
1.62002e+10;-85.6904;0
1.62102e+10;-85.7146;0
1.62202e+10;-85.7388;0
1.62302e+10;-85.763;0
1.62402e+10;-85.7892;0
1.62502e+10;-85.8124;0
1.62602e+10;-85.8366;0
1.62702e+10;-85.8618;0
1.62802e+10;-85.886;0
1.62902e+10;-85.9102;0
1.63002e+10;-85.9344;0
1.63102e+10;-85.9596;0
1.63202e+10;-85.9849;0
1.63302e+10;-86.0081;0
1.63402e+10;-86.0333;0
1.63502e+10;-86.0585;0
1.63602e+10;-86.0818;0
1.63702e+10;-86.106;0
1.63802e+10;-86.1312;0
1.63902e+10;-86.1555;0
1.64002e+10;-86.1807;0
1.64102e+10;-86.205;0
1.64202e+10;-86.2292;0
1.64302e+10;-86.2535;0
1.64402e+10;-86.2777;0
1.64502e+10;-86.303;0
1.64602e+10;-86.3272;0
1.64702e+10;-86.3515;0
1.64802e+10;-86.3778;0
1.64902e+10;-86.401;0
1.65002e+10;-86.4253;0
1.65102e+10;-86.4496;0
1.65202e+10;-86.4759;0
1.65302e+10;-86.4992;0
1.65402e+10;-86.5245;0
1.65502e+10;-86.5487;0
1.65602e+10;-86.573;0
1.65702e+10;-86.5973;0
1.65802e+10;-86.6216;0
1.65902e+10;-86.6469;0
1.66002e+10;-86.6712;0
1.66102e+10;-86.6966;0
1.66202e+10;-86.7219;0
1.66302e+10;-86.7452;0
1.66402e+10;-86.7705;0
1.66502e+10;-86.7938;0
1.66602e+10;-86.8191;0
1.66702e+10;-86.8434;0
1.66802e+10;-86.8677;0
1.66902e+10;-86.8931;0
1.67002e+10;-86.9174;0
1.67102e+10;-86.9418;0
1.67202e+10;-86.9661;0
1.67302e+10;-86.9926;0
1.67402e+10;-87.0158;0
1.67502e+10;-87.0401;0
1.67602e+10;-87.0655;0
1.67702e+10;-87.0899;0
1.67802e+10;-87.1142;0
1.67902e+10;-87.1386;0
1.68002e+10;-87.164;0
1.68102e+10;-87.1883;0
1.68202e+10;-87.2127;0
1.68302e+10;-87.2381;0
1.68402e+10;-87.2625;0
1.68502e+10;-87.2869;0
1.68602e+10;-87.3112;0
1.68702e+10;-87.3378;0
1.68802e+10;-87.36;0
1.68902e+10;-87.3843;0
1.69002e+10;-87.4098;0
1.69102e+10;-87.4342;0
1.69202e+10;-87.4586;0
1.69302e+10;-87.4829;0
1.69402e+10;-87.5084;0
1.69502e+10;-87.5328;0
1.69602e+10;-87.5572;0
1.69702e+10;-87.5827;0
1.69802e+10;-87.6071;0
1.69902e+10;-87.6316;0
1.70002e+10;-87.656;0
1.70101e+10;-87.6826;0
1.70201e+10;-87.7059;0
1.70301e+10;-87.7303;0
1.70401e+10;-87.7559;0
1.70501e+10;-87.7803;0
1.70601e+10;-87.8047;0
1.70701e+10;-87.8292;0
1.70801e+10;-87.8547;0
1.70901e+10;-87.8792;0
1.71001e+10;-87.9036;0
1.71101e+10;-87.9292;0
1.71201e+10;-87.9537;0
1.71301e+10;-87.9781;0
1.71401e+10;-88.0026;0
1.71501e+10;-88.0282;0
1.71601e+10;-88.0538;0
1.71701e+10;-88.0771;0
1.71801e+10;-88.1028;0
1.71901e+10;-88.1272;0
1.72001e+10;-88.1517;0
1.72101e+10;-88.1774;0
1.72201e+10;-88.2019;0
1.72301e+10;-88.2264;0
1.72401e+10;-88.2509;0
1.72501e+10;-88.2765;0
1.72601e+10;-88.301;0
1.72701e+10;-88.3255;0
1.72801e+10;-88.3501;0
1.72901e+10;-88.3769;0
1.73001e+10;-88.4003;0
1.73101e+10;-88.4248;0
1.73201e+10;-88.4505;0
1.73301e+10;-88.4763;0
1.73401e+10;-88.4996;0
1.73501e+10;-88.5241;0
1.73601e+10;-88.5499;0
1.73701e+10;-88.5744;0
1.73801e+10;-88.599;0
1.73901e+10;-88.6248;0
1.74001e+10;-88.6493;0
1.74101e+10;-88.6739;0
1.74201e+10;-88.6997;0
1.74301e+10;-88.7243;0
1.74401e+10;-88.7489;0
1.74501e+10;-88.7734;0
1.74601e+10;-88.7992;0
1.74701e+10;-88.8239;0
1.74801e+10;-88.8485;0
1.74901e+10;-88.8731;0
1.75001e+10;-88.8989;0
1.75101e+10;-88.9235;0
1.75201e+10;-88.9481;0
1.75301e+10;-88.974;0
1.75401e+10;-88.9986;0
1.75501e+10;-89.0233;0
1.75601e+10;-89.0479;0
1.75701e+10;-89.075;0
1.75801e+10;-89.0985;0
1.75901e+10;-89.1231;0
1.76001e+10;-89.1503;0
1.76101e+10;-89.1737;0
1.76201e+10;-89.1984;0
1.76301e+10;-89.2243;0
1.76401e+10;-89.249;0
1.76501e+10;-89.2737;0
1.76601e+10;-89.2996;0
1.76701e+10;-89.3244;0
1.76801e+10;-89.3491;0
1.76901e+10;-89.375;0
1.77001e+10;-89.3985;0
1.77101e+10;-89.4245;0
1.77201e+10;-89.4492;0
1.77301e+10;-89.4752;0
1.77401e+10;-89.5;0
1.77501e+10;-89.5247;0
1.77601e+10;-89.5495;0
1.77701e+10;-89.5755;0
1.77801e+10;-89.6003;0
1.77901e+10;-89.6251;0
1.78001e+10;-89.6511;0
1.78101e+10;-89.6772;0
1.78201e+10;-89.7007;0
1.78301e+10;-89.7255;0
1.78401e+10;-89.7503;0
1.78501e+10;-89.7764;0
1.78601e+10;-89.8025;0
1.78701e+10;-89.8261;0
1.78801e+10;-89.8522;0
1.78901e+10;-89.877;0
1.79001e+10;-89.9032;0
1.79101e+10;-89.9267;0
1.79201e+10;-89.9529;0
1.79301e+10;-89.9778;0
1.79401e+10;-90.0026;0
1.79501e+10;-90.0288;0
1.79601e+10;-90.0537;0
1.79701e+10;-90.0786;0
1.79801e+10;-90.1035;0
1.79901e+10;-90.1297;0
1.80001e+10;-90.1546;0
1.80101e+10;-90.1796;0
1.80201e+10;-90.2058;0
1.80301e+10;-90.2321;0
1.80401e+10;-90.257;0
1.80501e+10;-90.2793;0
1.80601e+10;-90.3056;0
1.80701e+10;-90.3306;0
1.80801e+10;-90.3556;0
1.80901e+10;-90.3818;0
1.81001e+10;-90.4068;0
1.81101e+10;-90.4318;0
1.81201e+10;-90.4568;0
1.81301e+10;-90.4832;0
1.81401e+10;-90.5082;0
1.81501e+10;-90.5332;0
1.81601e+10;-90.5596;0
1.81701e+10;-90.5846;0
1.81801e+10;-90.6097;0
1.81901e+10;-90.6348;0
1.82001e+10;-90.6612;0
1.82101e+10;-90.6862;0
1.82201e+10;-90.7113;0
1.82301e+10;-90.7391;0
1.82401e+10;-90.7629;0
1.82501e+10;-90.7893;0
1.82601e+10;-90.8131;0
1.82701e+10;-90.8396;0
1.82801e+10;-90.8661;0
1.82901e+10;-90.8912;0
1.83001e+10;-90.9177;0
1.83101e+10;-90.9415;0
1.83201e+10;-90.9667;0
1.83301e+10;-90.9932;0
1.83401e+10;-91.0184;0
1.83501e+10;-91.0436;0
1.83601e+10;-91.0688;0
1.83701e+10;-91.0954;0
1.83801e+10;-91.1206;0
1.83901e+10;-91.1459;0
1.84001e+10;-91.1725;0
1.84101e+10;-91.1977;0
1.84201e+10;-91.223;0
1.84301e+10;-91.2483;0
1.84401e+10;-91.2763;0
1.84501e+10;-91.3016;0
1.84601e+10;-91.3269;0
1.84701e+10;-91.3522;0
1.84801e+10;-91.3775;0
1.84901e+10;-91.4029;0
1.85001e+10;-91.4296;0
1.85101e+10;-91.4563;0
1.85201e+10;-91.4803;0
1.85301e+10;-91.5057;0
1.85401e+10;-91.5324;0
1.85501e+10;-91.5578;0
1.85601e+10;-91.5832;0
1.85701e+10;-91.6086;0
1.85801e+10;-91.6354;0
1.85901e+10;-91.6609;0
1.86001e+10;-91.6863;0
1.86101e+10;-91.7132;0
1.86201e+10;-91.74;0
1.86301e+10;-91.7641;0
1.86401e+10;-91.7896;0
1.86501e+10;-91.8165;0
1.86601e+10;-91.8434;0
1.86701e+10;-91.8675;0
1.86801e+10;-91.8945;0
1.86901e+10;-91.92;0
1.87001e+10;-91.947;0
1.87101e+10;-91.9711;0
1.87201e+10;-91.9981;0
1.87301e+10;-92.0237;0
1.87401e+10;-92.0493;0
1.87501e+10;-92.0763;0
1.87601e+10;-92.1019;0
1.87701e+10;-92.1276;0
1.87801e+10;-92.1546;0
1.87901e+10;-92.1817;0
1.88001e+10;-92.2059;0
1.88101e+10;-92.2316;0
1.88201e+10;-92.2602;0
1.88301e+10;-92.2844;0
1.88401e+10;-92.3101;0
1.88501e+10;-92.3359;0
1.88601e+10;-92.363;0
1.88701e+10;-92.3888;0
1.88801e+10;-92.416;0
1.88901e+10;-92.4432;0
1.89001e+10;-92.4676;0
1.89101e+10;-92.4934;0
1.89201e+10;-92.5206;0
1.89301e+10;-92.5464;0
1.89401e+10;-92.5723;0
1.89501e+10;-92.5981;0
1.89601e+10;-92.6254;0
1.89701e+10;-92.6513;0
1.89801e+10;-92.6772;0
1.89901e+10;-92.7031;0
1.90001e+10;-92.7305;0
1.901e+10;-92.7564;0
1.902e+10;-92.7824;0
1.903e+10;-92.8112;0
1.904e+10;-92.8358;0
1.905e+10;-92.8617;0
1.906e+10;-92.8877;0
1.907e+10;-92.9152;0
1.908e+10;-92.9412;0
1.909e+10;-92.9673;0
1.91e+10;-92.9933;0
1.911e+10;-93.0194;0
1.912e+10;-93.0455;0
1.913e+10;-93.0716;0
1.914e+10;-93.0991;0
1.915e+10;-93.1253;0
1.916e+10;-93.1514;0
1.917e+10;-93.1805;0
1.918e+10;-93.2067;0
1.919e+10;-93.2314;0
1.92e+10;-93.2576;0
1.921e+10;-93.2853;0
1.922e+10;-93.3115;0
1.923e+10;-93.3377;0
1.924e+10;-93.3655;0
1.925e+10;-93.3918;0
1.926e+10;-93.4195;0
1.927e+10;-93.4444;0
1.928e+10;-93.4737;0
1.929e+10;-93.4985;0
1.93e+10;-93.5249;0
1.931e+10;-93.5527;0
1.932e+10;-93.5791;0
1.933e+10;-93.607;0
1.934e+10;-93.6334;0
1.935e+10;-93.6598;0
1.936e+10;-93.6863;0
1.937e+10;-93.7127;0
1.938e+10;-93.7407;0
1.939e+10;-93.7672;0
1.94e+10;-93.7937;0
1.941e+10;-93.8203;0
1.942e+10;-93.8483;0
1.943e+10;-93.8749;0
1.944e+10;-93.903;0
1.945e+10;-93.9296;0
1.946e+10;-93.9562;0
1.947e+10;-93.9828;0
1.948e+10;-94.0095;0
1.949e+10;-94.0377;0
1.95e+10;-94.0643;0
1.951e+10;-94.091;0
1.952e+10;-94.1208;0
1.953e+10;-94.146;0
1.954e+10;-94.1728;0
1.955e+10;-94.1995;0
1.956e+10;-94.2294;0
1.957e+10;-94.2547;0
1.958e+10;-94.2815;0
1.959e+10;-94.3114;0
1.96e+10;-94.3367;0
1.961e+10;-94.3652;0
1.962e+10;-94.3905;0
1.963e+10;-94.419;0
1.964e+10;-94.4459;0
1.965e+10;-94.4729;0
1.966e+10;-94.5014;0
1.967e+10;-94.5284;0
1.968e+10;-94.5554;0
1.969e+10;-94.5824;0
1.97e+10;-94.6126;0
1.971e+10;-94.6381;0
1.972e+10;-94.6652;0
1.973e+10;-94.6939;0
1.974e+10;-94.7226;0
1.975e+10;-94.7497;0
1.976e+10;-94.7753;0
1.977e+10;-94.8041;0
1.978e+10;-94.8328;0
1.979e+10;-94.8585;0
1.98e+10;-94.8873;0
1.981e+10;-94.9146;0
1.982e+10;-94.9419;0
1.983e+10;-94.9692;0
1.984e+10;-94.9981;0
1.985e+10;-95.0255;0
1.986e+10;-95.0529;0
1.987e+10;-95.0818;0
1.988e+10;-95.1093;0
1.989e+10;-95.1367;0
1.99e+10;-95.1642;0
1.991e+10;-95.1948;0
1.992e+10;-95.2207;0
1.993e+10;-95.2483;0
1.994e+10;-95.2774;0
1.995e+10;-95.305;0
1.996e+10;-95.3326;0
1.997e+10;-95.3618;0
1.998e+10;-95.3894;0
1.999e+10;-95.4171;0
2e+10;-95.4448;0
